unique_id,ds,y
PRODUCT_A,2022-01-01,102.48357076505616
PRODUCT_A,2022-01-02,115.01389524912882
PRODUCT_A,2022-01-03,122.87417514538822
PRODUCT_A,2022-01-04,116.49858538126371
PRODUCT_A,2022-01-05,90.42590676652873
PRODUCT_A,2022-01-06,79.67369249973834
PRODUCT_A,2022-01-07,92.67095706192121
PRODUCT_A,2022-01-08,104.31728338513355
PRODUCT_A,2022-01-09,113.83795456467897
PRODUCT_A,2022-01-10,122.82864241218358
PRODUCT_A,2022-01-11,107.04645737453028
PRODUCT_A,2022-01-12,89.74813461166318
PRODUCT_A,2022-01-13,82.53429838168343
PRODUCT_A,2022-01-14,75.68860150046427
PRODUCT_A,2022-01-15,92.33563031617282
PRODUCT_A,2022-01-16,113.85399858751785
PRODUCT_A,2022-01-17,115.53179633195064
PRODUCT_A,2022-01-18,111.41489224093795
PRODUCT_A,2022-01-19,88.01677274127736
PRODUCT_A,2022-01-20,74.74307825654579
PRODUCT_A,2022-01-21,93.06335630773002
PRODUCT_A,2022-01-22,100.3114477156743
PRODUCT_A,2022-01-23,117.4831869965313
PRODUCT_A,2022-01-24,113.95232074192447
PRODUCT_A,2022-01-25,107.60185169470468
PRODUCT_A,2022-01-26,93.59161580680176
PRODUCT_A,2022-01-27,76.52973861547972
PRODUCT_A,2022-01-28,88.09371229421961
PRODUCT_A,2022-01-29,98.91724550788196
PRODUCT_A,2022-01-30,116.16718696349434
PRODUCT_A,2022-01-31,118.54763835121378
PRODUCT_A,2022-02-01,120.0652659792443
PRODUCT_A,2022-02-02,93.44962647393174
PRODUCT_A,2022-02-03,77.47626159718075
PRODUCT_A,2022-02-04,90.80805650237622
PRODUCT_A,2022-02-05,96.29633044698986
PRODUCT_A,2022-02-06,119.1500834268535
PRODUCT_A,2022-02-07,112.23793053233088
PRODUCT_A,2022-02-08,104.64305455157645
PRODUCT_A,2022-02-09,94.98152851633606
PRODUCT_A,2022-02-10,86.93725888130629
PRODUCT_A,2022-02-11,88.03228308717908
PRODUCT_A,2022-02-12,102.30241702427276
PRODUCT_A,2022-02-13,117.08035671325227
PRODUCT_A,2022-02-14,115.12378093926165
PRODUCT_A,2022-02-15,108.16487349346406
PRODUCT_A,2022-02-16,92.1741382215605
PRODUCT_A,2022-02-17,89.01064685179283
PRODUCT_A,2022-02-18,89.37364286844054
PRODUCT_A,2022-02-19,94.5455673987693
PRODUCT_A,2022-02-20,120.68640477754168
PRODUCT_A,2022-02-21,121.07108922838617
PRODUCT_A,2022-02-22,108.85959427327668
PRODUCT_A,2022-02-23,98.01582325993277
PRODUCT_A,2022-02-24,89.360143072547
PRODUCT_A,2022-02-25,92.7920617555482
PRODUCT_A,2022-02-26,99.64479029883876
PRODUCT_A,2022-02-27,118.00003279068063
PRODUCT_A,2022-02-28,125.13292752685457
PRODUCT_A,2022-03-01,117.60203964978741
PRODUCT_A,2022-03-02,93.04168036587112
PRODUCT_A,2022-03-03,83.75696031611716
PRODUCT_A,2022-03-04,83.08409602930607
PRODUCT_A,2022-03-05,98.33995453391759
PRODUCT_A,2022-03-06,124.0888335212767
PRODUCT_A,2022-03-07,130.73792025205987
PRODUCT_A,2022-03-08,112.84437314564295
PRODUCT_A,2022-03-09,100.93532578392656
PRODUCT_A,2022-03-10,86.97354506404338
PRODUCT_A,2022-03-11,85.87028186567959
PRODUCT_A,2022-03-12,106.60807542123202
PRODUCT_A,2022-03-13,128.19649698100454
PRODUCT_A,2022-03-14,124.257699653025
PRODUCT_A,2022-03-15,121.50775177198378
PRODUCT_A,2022-03-16,83.29904551338672
PRODUCT_A,2022-03-17,89.7549872000504
PRODUCT_A,2022-03-18,90.01122571926507
PRODUCT_A,2022-03-19,103.78617038072973
PRODUCT_A,2022-03-20,121.4452277707212
PRODUCT_A,2022-03-21,114.97909501493926
PRODUCT_A,2022-03-22,113.06628379309507
PRODUCT_A,2022-03-23,98.6634436307633
PRODUCT_A,2022-03-24,93.51505464125083
PRODUCT_A,2022-03-25,87.46474902607505
PRODUCT_A,2022-03-26,101.71884885796199
PRODUCT_A,2022-03-27,118.9577484094901
PRODUCT_A,2022-03-28,129.97405991582312
PRODUCT_A,2022-03-29,116.28850851995017
PRODUCT_A,2022-03-30,94.7091894937385
PRODUCT_A,2022-03-31,89.17203132247899
PRODUCT_A,2022-04-01,91.02159760355241
PRODUCT_A,2022-04-02,111.08465156446123
PRODUCT_A,2022-04-03,118.43637789739492
PRODUCT_A,2022-04-04,124.23884833369296
PRODUCT_A,2022-04-05,113.16432194535983
PRODUCT_A,2022-04-06,90.52052551128173
PRODUCT_A,2022-04-07,88.56640528160413
PRODUCT_A,2022-04-08,92.32159595708055
PRODUCT_A,2022-04-09,106.74710363437822
PRODUCT_A,2022-04-10,121.25381743927504
PRODUCT_A,2022-04-11,119.2804150957987
PRODUCT_A,2022-04-12,113.50174583656272
PRODUCT_A,2022-04-13,96.6046374086776
PRODUCT_A,2022-04-14,83.55452728954218
PRODUCT_A,2022-04-15,90.69000077722033
PRODUCT_A,2022-04-16,109.22190037460774
PRODUCT_A,2022-04-17,132.33779235157232
PRODUCT_A,2022-04-18,127.71026760957899
PRODUCT_A,2022-04-19,117.37283414337246
PRODUCT_A,2022-04-20,98.42609015184975
PRODUCT_A,2022-04-21,78.45216729852405
PRODUCT_A,2022-04-22,91.84396969767319
PRODUCT_A,2022-04-23,107.98290687960902
PRODUCT_A,2022-04-24,135.703183147315
PRODUCT_A,2022-04-25,126.35568346088316
PRODUCT_A,2022-04-26,118.07292864079557
PRODUCT_A,2022-04-27,99.10487062152325
PRODUCT_A,2022-04-28,82.68274292629056
PRODUCT_A,2022-04-29,98.17076288686329
PRODUCT_A,2022-04-30,111.92153073270661
PRODUCT_A,2022-05-01,127.82224205947273
PRODUCT_A,2022-05-02,123.25066075018404
PRODUCT_A,2022-05-03,124.05927322317714
PRODUCT_A,2022-05-04,92.74928389545718
PRODUCT_A,2022-05-05,91.9405283227586
PRODUCT_A,2022-05-06,103.88903668270697
PRODUCT_A,2022-05-07,103.68929368298845
PRODUCT_A,2022-05-08,121.51570341561289
PRODUCT_A,2022-05-09,128.77596458896497
PRODUCT_A,2022-05-10,115.00803313728478
PRODUCT_A,2022-05-11,92.48533179345681
PRODUCT_A,2022-05-12,89.82916746715635
PRODUCT_A,2022-05-13,88.10534972439565
PRODUCT_A,2022-05-14,111.49004720118693
PRODUCT_A,2022-05-15,120.23018063182664
PRODUCT_A,2022-05-16,136.5074895279835
PRODUCT_A,2022-05-17,114.0892546855532
PRODUCT_A,2022-05-18,99.10845110712796
PRODUCT_A,2022-05-19,94.03404841934359
PRODUCT_A,2022-05-20,87.74265645022531
PRODUCT_A,2022-05-21,110.73949446040052
PRODUCT_A,2022-05-22,131.8431253137767
PRODUCT_A,2022-05-23,121.20051106945863
PRODUCT_A,2022-05-24,119.40880017926504
PRODUCT_A,2022-05-25,102.49828239876759
PRODUCT_A,2022-05-26,94.35568643075082
PRODUCT_A,2022-05-27,88.19233421737357
PRODUCT_A,2022-05-28,103.48002146132762
PRODUCT_A,2022-05-29,128.39722910981814
PRODUCT_A,2022-05-30,131.20296034779972
PRODUCT_A,2022-05-31,120.21820487770229
PRODUCT_A,2022-06-01,103.41121921437923
PRODUCT_A,2022-06-02,87.52655820334078
PRODUCT_A,2022-06-03,96.01846599693809
PRODUCT_A,2022-06-04,112.02777663261155
PRODUCT_A,2022-06-05,122.69587393097089
PRODUCT_A,2022-06-06,139.52701927672655
PRODUCT_A,2022-06-07,121.81501496990072
PRODUCT_A,2022-06-08,96.20257042024998
PRODUCT_A,2022-06-09,94.68955959377135
PRODUCT_A,2022-06-10,90.46389889936556
PRODUCT_A,2022-06-11,114.97794702419897
PRODUCT_A,2022-06-12,132.54071865550847
PRODUCT_A,2022-06-13,126.57484486861328
PRODUCT_A,2022-06-14,124.74284075093226
PRODUCT_A,2022-06-15,104.7031022803151
PRODUCT_A,2022-06-16,95.99720208994363
PRODUCT_A,2022-06-17,105.30138190314096
PRODUCT_A,2022-06-18,110.2956931648415
PRODUCT_A,2022-06-19,123.4591696780531
PRODUCT_A,2022-06-20,126.71079405161308
PRODUCT_A,2022-06-21,116.32701841925234
PRODUCT_A,2022-06-22,102.73379883793098
PRODUCT_A,2022-06-23,94.07277090342349
PRODUCT_A,2022-06-24,97.68098072589005
PRODUCT_A,2022-06-25,116.13865972940452
PRODUCT_A,2022-06-26,127.7729696985988
PRODUCT_A,2022-06-27,138.90614632489624
PRODUCT_A,2022-06-28,119.56289541725863
PRODUCT_A,2022-06-29,117.20026295731846
PRODUCT_A,2022-06-30,95.97545750753426
PRODUCT_A,2022-07-01,92.49184868652763
PRODUCT_A,2022-07-02,107.12839073328799
PRODUCT_A,2022-07-03,130.60043205479462
PRODUCT_A,2022-07-04,131.0012717518495
PRODUCT_A,2022-07-05,124.93629179327826
PRODUCT_A,2022-07-06,106.44571498660747
PRODUCT_A,2022-07-07,92.96308594479383
PRODUCT_A,2022-07-08,93.0237776176361
PRODUCT_A,2022-07-09,105.38872683953394
PRODUCT_A,2022-07-10,126.43560495761268
PRODUCT_A,2022-07-11,136.8806893894651
PRODUCT_A,2022-07-12,122.9168677828377
PRODUCT_A,2022-07-13,98.3309427095487
PRODUCT_A,2022-07-14,94.67324487670321
PRODUCT_A,2022-07-15,99.66444284599106
PRODUCT_A,2022-07-16,109.02378552132615
PRODUCT_A,2022-07-17,129.91691498704418
PRODUCT_A,2022-07-18,133.3698487494467
PRODUCT_A,2022-07-19,116.61165731240243
PRODUCT_A,2022-07-20,106.82868314421891
PRODUCT_A,2022-07-21,97.09137261865745
PRODUCT_A,2022-07-22,103.63322190259268
PRODUCT_A,2022-07-23,119.19219270187547
PRODUCT_A,2022-07-24,122.74005235690016
PRODUCT_A,2022-07-25,128.8697896970102
PRODUCT_A,2022-07-26,125.38179487696823
PRODUCT_A,2022-07-27,108.08878583640792
PRODUCT_A,2022-07-28,97.34279815771535
PRODUCT_A,2022-07-29,117.961732879359
PRODUCT_A,2022-07-30,117.25774473453593
PRODUCT_A,2022-07-31,135.7863371369577
PRODUCT_A,2022-08-01,138.80903345342077
PRODUCT_A,2022-08-02,126.5436845368228
PRODUCT_A,2022-08-03,104.42361959801403
PRODUCT_A,2022-08-04,99.04251556802055
PRODUCT_A,2022-08-05,95.31405909276627
PRODUCT_A,2022-08-06,113.6993088867386
PRODUCT_A,2022-08-07,128.1618009362779
PRODUCT_A,2022-08-08,134.92850507225532
PRODUCT_A,2022-08-09,135.34013085303022
PRODUCT_A,2022-08-10,97.14374959762539
PRODUCT_A,2022-08-11,99.15908015679574
PRODUCT_A,2022-08-12,91.59471554887494
PRODUCT_A,2022-08-13,113.00385233086062
PRODUCT_A,2022-08-14,136.51348139962934
PRODUCT_A,2022-08-15,135.32064421017014
PRODUCT_A,2022-08-16,118.85822386938554
PRODUCT_A,2022-08-17,103.38366675365367
PRODUCT_A,2022-08-18,99.60587768896565
PRODUCT_A,2022-08-19,96.4865714856066
PRODUCT_A,2022-08-20,116.92591434708682
PRODUCT_A,2022-08-21,131.77669735368065
PRODUCT_A,2022-08-22,132.2213521160327
PRODUCT_A,2022-08-23,135.44677794502707
PRODUCT_A,2022-08-24,110.60989015091243
PRODUCT_A,2022-08-25,86.5622857503732
PRODUCT_A,2022-08-26,101.55078595740815
PRODUCT_A,2022-08-27,113.01479881470355
PRODUCT_A,2022-08-28,136.29111456751144
PRODUCT_A,2022-08-29,131.99685990126738
PRODUCT_A,2022-08-30,124.63348503043481
PRODUCT_A,2022-08-31,110.44534117359355
PRODUCT_A,2022-09-01,101.4968843938808
PRODUCT_A,2022-09-02,95.09714208765122
PRODUCT_A,2022-09-03,115.13133469870989
PRODUCT_A,2022-09-04,130.13433107709463
PRODUCT_A,2022-09-05,133.17292716993117
PRODUCT_A,2022-09-06,134.51454817854417
PRODUCT_A,2022-09-07,110.42542307286543
PRODUCT_A,2022-09-08,91.34379839072407
PRODUCT_A,2022-09-09,106.16804359757307
PRODUCT_A,2022-09-10,127.89473160234695
PRODUCT_A,2022-09-11,138.15149367502457
PRODUCT_A,2022-09-12,129.32283324239862
PRODUCT_A,2022-09-13,123.7462163521763
PRODUCT_A,2022-09-14,115.21518000336263
PRODUCT_A,2022-09-15,94.58998057367437
PRODUCT_A,2022-09-16,104.27794074239905
PRODUCT_A,2022-09-17,121.63723062379903
PRODUCT_A,2022-09-18,128.83462475374716
PRODUCT_A,2022-09-19,137.1021660312288
PRODUCT_A,2022-09-20,110.44115975553109
PRODUCT_A,2022-09-21,104.23879579012696
PRODUCT_A,2022-09-22,97.34559688417144
PRODUCT_A,2022-09-23,96.30003743121276
PRODUCT_A,2022-09-24,126.40622661568023
PRODUCT_A,2022-09-25,126.7986799612035
PRODUCT_A,2022-09-26,135.67968011742184
PRODUCT_A,2022-09-27,127.78130908167628
PRODUCT_A,2022-09-28,117.04721018149836
PRODUCT_A,2022-09-29,91.90923662460914
PRODUCT_A,2022-09-30,108.83488184118124
PRODUCT_A,2022-10-01,118.77544514048913
PRODUCT_A,2022-10-02,129.521953335136
PRODUCT_A,2022-10-03,140.6705296615921
PRODUCT_A,2022-10-04,128.60301441248205
PRODUCT_A,2022-10-05,107.31986908974268
PRODUCT_A,2022-10-06,99.91766754482539
PRODUCT_A,2022-10-07,101.57260483546636
PRODUCT_A,2022-10-08,119.77197630101598
PRODUCT_A,2022-10-09,138.2202597023497
PRODUCT_A,2022-10-10,146.7702061103716
PRODUCT_A,2022-10-11,121.89874817984935
PRODUCT_A,2022-10-12,121.46623008818686
PRODUCT_A,2022-10-13,90.28832786163163
PRODUCT_A,2022-10-14,103.22035708396633
PRODUCT_A,2022-10-15,122.62608534655119
PRODUCT_A,2022-10-16,136.7946754077887
PRODUCT_A,2022-10-17,136.20673416991067
PRODUCT_A,2022-10-18,127.52732416156661
PRODUCT_A,2022-10-19,108.81616828098025
PRODUCT_A,2022-10-20,97.5820528138923
PRODUCT_A,2022-10-21,108.70740278361811
PRODUCT_A,2022-10-22,121.94968648332326
PRODUCT_A,2022-10-23,132.40527783217973
PRODUCT_A,2022-10-24,144.298340885549
PRODUCT_A,2022-10-25,130.58454275710437
PRODUCT_A,2022-10-26,115.82559328783859
PRODUCT_A,2022-10-27,104.15713054760027
PRODUCT_A,2022-10-28,100.79452698327135
PRODUCT_A,2022-10-29,117.84381359188174
PRODUCT_A,2022-10-30,140.08640357346803
PRODUCT_A,2022-10-31,143.33230257491917
PRODUCT_A,2022-11-01,129.42364692227
PRODUCT_A,2022-11-02,112.82802934955606
PRODUCT_A,2022-11-03,107.87742055629342
PRODUCT_A,2022-11-04,102.46175483307199
PRODUCT_A,2022-11-05,123.86031543808649
PRODUCT_A,2022-11-06,135.819082025051
PRODUCT_A,2022-11-07,139.6721549709846
PRODUCT_A,2022-11-08,135.50214889139608
PRODUCT_A,2022-11-09,116.84858391732169
PRODUCT_A,2022-11-10,106.03675399672358
PRODUCT_A,2022-11-11,112.42711555239153
PRODUCT_A,2022-11-12,121.70995747976865
PRODUCT_A,2022-11-13,140.7199198830647
PRODUCT_A,2022-11-14,139.6893369435225
PRODUCT_A,2022-11-15,132.10920613327067
PRODUCT_A,2022-11-16,112.55089663991251
PRODUCT_A,2022-11-17,102.93429538105282
PRODUCT_A,2022-11-18,109.35561638317388
PRODUCT_A,2022-11-19,117.99394459480607
PRODUCT_A,2022-11-20,148.25220114438594
PRODUCT_A,2022-11-21,136.69069355836035
PRODUCT_A,2022-11-22,124.8975410462592
PRODUCT_A,2022-11-23,119.47227601862065
PRODUCT_A,2022-11-24,106.88773876527276
PRODUCT_A,2022-11-25,109.98054008061882
PRODUCT_A,2022-11-26,125.70688529666454
PRODUCT_A,2022-11-27,138.2091406410928
PRODUCT_A,2022-11-28,137.71461834779856
PRODUCT_A,2022-11-29,131.82761664053484
PRODUCT_A,2022-11-30,110.77602283292813
PRODUCT_A,2022-12-01,108.28513370191592
PRODUCT_A,2022-12-02,106.60476382721608
PRODUCT_A,2022-12-03,118.91778150574913
PRODUCT_A,2022-12-04,137.1435550364311
PRODUCT_A,2022-12-05,144.74565721597492
PRODUCT_A,2022-12-06,129.11008082491676
PRODUCT_A,2022-12-07,110.53083915202488
PRODUCT_A,2022-12-08,105.10808083165581
PRODUCT_A,2022-12-09,109.04499332963982
PRODUCT_A,2022-12-10,120.99066135222576
PRODUCT_A,2022-12-11,136.87540245597393
PRODUCT_A,2022-12-12,144.32135937075384
PRODUCT_A,2022-12-13,125.16839162081838
PRODUCT_A,2022-12-14,108.08473199734365
PRODUCT_A,2022-12-15,100.77753340730317
PRODUCT_A,2022-12-16,107.2330344549057
PRODUCT_A,2022-12-17,125.56002479643885
PRODUCT_A,2022-12-18,147.087484808182
PRODUCT_A,2022-12-19,147.9295175393451
PRODUCT_A,2022-12-20,132.08923041785621
PRODUCT_A,2022-12-21,115.50707956908136
PRODUCT_A,2022-12-22,99.83721742974515
PRODUCT_A,2022-12-23,108.68781427287243
PRODUCT_A,2022-12-24,123.04230351321783
PRODUCT_A,2022-12-25,141.80440626449416
PRODUCT_A,2022-12-26,139.9851744449422
PRODUCT_A,2022-12-27,135.9657653782486
PRODUCT_A,2022-12-28,123.7459649129781
PRODUCT_A,2022-12-29,104.786173250019
PRODUCT_A,2022-12-30,111.26904830269783
PRODUCT_A,2022-12-31,128.41642640574267
PRODUCT_A,2023-01-01,138.66482084274395
PRODUCT_A,2023-01-02,145.72190131112478
PRODUCT_A,2023-01-03,133.9121045503201
PRODUCT_A,2023-01-04,117.05076058007772
PRODUCT_A,2023-01-05,101.94503481239481
PRODUCT_A,2023-01-06,109.86315030286656
PRODUCT_A,2023-01-07,127.93580764278406
PRODUCT_A,2023-01-08,148.40675098051636
PRODUCT_A,2023-01-09,149.8779027718678
PRODUCT_A,2023-01-10,145.09516457333825
PRODUCT_A,2023-01-11,113.20575201226272
PRODUCT_A,2023-01-12,110.65179665464463
PRODUCT_A,2023-01-13,111.13741919963233
PRODUCT_A,2023-01-14,136.87494059201487
PRODUCT_A,2023-01-15,137.58965125413482
PRODUCT_A,2023-01-16,141.36304916990676
PRODUCT_A,2023-01-17,131.81239879792977
PRODUCT_A,2023-01-18,106.90312094452229
PRODUCT_A,2023-01-19,104.14152810200653
PRODUCT_A,2023-01-20,106.90515560254151
PRODUCT_A,2023-01-21,127.15800459767611
PRODUCT_A,2023-01-22,143.82003229916512
PRODUCT_A,2023-01-23,155.42262231625915
PRODUCT_A,2023-01-24,140.04159095544952
PRODUCT_A,2023-01-25,115.11819102712869
PRODUCT_A,2023-01-26,102.75833959303763
PRODUCT_A,2023-01-27,113.64052450721199
PRODUCT_A,2023-01-28,120.28497936956045
PRODUCT_A,2023-01-29,151.74865598892052
PRODUCT_A,2023-01-30,152.41907846315524
PRODUCT_A,2023-01-31,133.4237032433641
PRODUCT_A,2023-02-01,109.91714639935469
PRODUCT_A,2023-02-02,114.49988455997533
PRODUCT_A,2023-02-03,111.0883391627851
PRODUCT_A,2023-02-04,133.5553367038995
PRODUCT_A,2023-02-05,135.09933360504567
PRODUCT_A,2023-02-06,144.00511248414904
PRODUCT_A,2023-02-07,136.27590974184793
PRODUCT_A,2023-02-08,119.19783175300319
PRODUCT_A,2023-02-09,105.96030507112089
PRODUCT_A,2023-02-10,115.2553977901544
PRODUCT_A,2023-02-11,122.50826273648894
PRODUCT_A,2023-02-12,142.83968421328046
PRODUCT_A,2023-02-13,148.08357549684624
PRODUCT_A,2023-02-14,139.30199515291915
PRODUCT_A,2023-02-15,123.0011129139923
PRODUCT_A,2023-02-16,103.06753170869683
PRODUCT_A,2023-02-17,104.95068701410753
PRODUCT_A,2023-02-18,134.71485873226302
PRODUCT_A,2023-02-19,145.69326143765292
PRODUCT_A,2023-02-20,144.21977439487307
PRODUCT_A,2023-02-21,144.96567059960637
PRODUCT_A,2023-02-22,120.50152143438048
PRODUCT_A,2023-02-23,115.06733782757416
PRODUCT_A,2023-02-24,113.43896001420563
PRODUCT_A,2023-02-25,139.11032398655013
PRODUCT_A,2023-02-26,153.2885053293404
PRODUCT_A,2023-02-27,147.1974960746293
PRODUCT_A,2023-02-28,142.54787521613594
PRODUCT_A,2023-03-01,123.63013775021135
PRODUCT_A,2023-03-02,116.49411943428612
PRODUCT_A,2023-03-03,108.75686004362329
PRODUCT_A,2023-03-04,132.71695140150095
PRODUCT_A,2023-03-05,150.28403329074106
PRODUCT_A,2023-03-06,140.12872912427795
PRODUCT_A,2023-03-07,132.25383763740365
PRODUCT_A,2023-03-08,110.68720685285344
PRODUCT_A,2023-03-09,108.78403721377042
PRODUCT_A,2023-03-10,117.64929836487306
PRODUCT_A,2023-03-11,137.27858910135745
PRODUCT_A,2023-03-12,145.8424944979614
PRODUCT_A,2023-03-13,157.54561402361932
PRODUCT_A,2023-03-14,131.74973264902746
PRODUCT_A,2023-03-15,112.84656528424757
PRODUCT_A,2023-03-16,110.33344263087922
PRODUCT_A,2023-03-17,116.46202406995852
PRODUCT_A,2023-03-18,130.08343983977542
PRODUCT_A,2023-03-19,135.61491983503262
PRODUCT_A,2023-03-20,149.43704583756775
PRODUCT_A,2023-03-21,132.608002176946
PRODUCT_A,2023-03-22,125.19194996454291
PRODUCT_A,2023-03-23,112.92428209521539
PRODUCT_A,2023-03-24,110.32240763299393
PRODUCT_A,2023-03-25,128.15768873293212
PRODUCT_A,2023-03-26,141.13617246515597
PRODUCT_A,2023-03-27,150.04936028813495
PRODUCT_A,2023-03-28,144.38617102134586
PRODUCT_A,2023-03-29,117.39506672808442
PRODUCT_A,2023-03-30,114.09163318168947
PRODUCT_A,2023-03-31,112.85062821213724
PRODUCT_A,2023-04-01,127.24276889767359
PRODUCT_A,2023-04-02,146.37719801419667
PRODUCT_A,2023-04-03,145.66665390177278
PRODUCT_A,2023-04-04,137.32232263147316
PRODUCT_A,2023-04-05,116.81441723618622
PRODUCT_A,2023-04-06,121.87513600805104
PRODUCT_A,2023-04-07,116.15834380322752
PRODUCT_A,2023-04-08,128.18861525839094
PRODUCT_A,2023-04-09,148.4623591070093
PRODUCT_A,2023-04-10,150.7613350047846
PRODUCT_A,2023-04-11,139.4658308999123
PRODUCT_A,2023-04-12,126.354749938717
PRODUCT_A,2023-04-13,116.31915863307498
PRODUCT_A,2023-04-14,113.80963004468568
PRODUCT_A,2023-04-15,129.28826133449903
PRODUCT_A,2023-04-16,146.4973108069494
PRODUCT_A,2023-04-17,140.29347916892965
PRODUCT_A,2023-04-18,133.47483332595405
PRODUCT_A,2023-04-19,130.59839751509085
PRODUCT_A,2023-04-20,121.2365683897137
PRODUCT_A,2023-04-21,115.69706532432515
PRODUCT_A,2023-04-22,135.53024709236982
PRODUCT_A,2023-04-23,149.908929804794
PRODUCT_A,2023-04-24,167.67759877425314
PRODUCT_A,2023-04-25,147.12877293348907
PRODUCT_A,2023-04-26,123.60454795983482
PRODUCT_A,2023-04-27,108.71413735857402
PRODUCT_A,2023-04-28,109.39012366018862
PRODUCT_A,2023-04-29,134.14489019579682
PRODUCT_A,2023-04-30,145.05103504502426
PRODUCT_A,2023-05-01,145.6520359233574
PRODUCT_A,2023-05-02,138.7781436944719
PRODUCT_A,2023-05-03,119.31650563853502
PRODUCT_A,2023-05-04,122.40765747630803
PRODUCT_A,2023-05-05,122.31066378559176
PRODUCT_A,2023-05-06,133.5678185492462
PRODUCT_A,2023-05-07,156.71261920526464
PRODUCT_A,2023-05-08,153.63025574895295
PRODUCT_A,2023-05-09,138.1846968484116
PRODUCT_A,2023-05-10,132.81997578232367
PRODUCT_A,2023-05-11,117.14660925873737
PRODUCT_A,2023-05-12,113.19634396858166
PRODUCT_A,2023-05-13,133.13609810478096
PRODUCT_A,2023-05-14,145.41491698325947
PRODUCT_A,2023-05-15,146.80952529526203
PRODUCT_A,2023-05-16,147.60211533208155
PRODUCT_A,2023-05-17,135.2315483376954
PRODUCT_A,2023-05-18,107.93933091058744
PRODUCT_A,2023-05-19,121.67753066303553
PRODUCT_A,2023-05-20,131.31468838895842
PRODUCT_A,2023-05-21,147.83749107072848
PRODUCT_A,2023-05-22,151.2416640682582
PRODUCT_A,2023-05-23,139.1313834853926
PRODUCT_A,2023-05-24,126.40718301443727
PRODUCT_A,2023-05-25,111.25752793699709
PRODUCT_A,2023-05-26,120.69507834785131
PRODUCT_A,2023-05-27,134.7968204266904
PRODUCT_A,2023-05-28,149.55848749458937
PRODUCT_A,2023-05-29,150.14592511861366
PRODUCT_A,2023-05-30,141.0475904203194
PRODUCT_A,2023-05-31,130.42164074321127
PRODUCT_A,2023-06-01,118.39697419654324
PRODUCT_A,2023-06-02,114.93512773432808
PRODUCT_A,2023-06-03,136.0247822404508
PRODUCT_A,2023-06-04,154.99027308514982
PRODUCT_A,2023-06-05,146.81682676258387
PRODUCT_A,2023-06-06,147.12835777442913
PRODUCT_A,2023-06-07,123.81167555872267
PRODUCT_A,2023-06-08,119.22549134075601
PRODUCT_A,2023-06-09,116.48671791497769
PRODUCT_A,2023-06-10,126.98381994935178
PRODUCT_A,2023-06-11,143.57573501824376
PRODUCT_A,2023-06-12,155.88438764086678
PRODUCT_A,2023-06-13,146.19027906050624
PRODUCT_A,2023-06-14,123.08332096729923
PRODUCT_A,2023-06-15,120.04557003104614
PRODUCT_A,2023-06-16,112.4755231257135
PRODUCT_A,2023-06-17,136.15794119880752
PRODUCT_A,2023-06-18,146.138475948216
PRODUCT_A,2023-06-19,152.86489210791788
PRODUCT_A,2023-06-20,145.60876964784927
PRODUCT_A,2023-06-21,123.78294700576988
PRODUCT_A,2023-06-22,115.40993975537901
PRODUCT_A,2023-06-23,126.29469722249993
PRODUCT_A,2023-06-24,134.08399058379692
PRODUCT_A,2023-06-25,156.85212724672274
PRODUCT_A,2023-06-26,150.9556481130097
PRODUCT_A,2023-06-27,148.50090692021402
PRODUCT_A,2023-06-28,135.7729666748485
PRODUCT_A,2023-06-29,105.45460471526052
PRODUCT_A,2023-06-30,117.75886663844479
PRODUCT_A,2023-07-01,140.3339203066851
PRODUCT_A,2023-07-02,152.13854949555153
PRODUCT_A,2023-07-03,158.94002149252316
PRODUCT_A,2023-07-04,143.31206983642687
PRODUCT_A,2023-07-05,129.47818224829192
PRODUCT_A,2023-07-06,117.51455077830593
PRODUCT_A,2023-07-07,128.06236296346495
PRODUCT_A,2023-07-08,139.20077362665586
PRODUCT_A,2023-07-09,155.32189947551123
PRODUCT_A,2023-07-10,155.50501703442336
PRODUCT_A,2023-07-11,144.3740743890129
PRODUCT_A,2023-07-12,127.36255211119763
PRODUCT_A,2023-07-13,120.74530740652662
PRODUCT_A,2023-07-14,120.59863999043402
PRODUCT_A,2023-07-15,139.85765343400155
PRODUCT_A,2023-07-16,164.49099989773185
PRODUCT_A,2023-07-17,162.40013512156327
PRODUCT_A,2023-07-18,145.66209758790453
PRODUCT_A,2023-07-19,136.01152240048592
PRODUCT_A,2023-07-20,117.21277956889651
PRODUCT_A,2023-07-21,112.99304945801481
PRODUCT_A,2023-07-22,133.84845733430103
PRODUCT_A,2023-07-23,145.2401460387441
PRODUCT_A,2023-07-24,156.76705392356735
PRODUCT_A,2023-07-25,147.86441688405984
PRODUCT_A,2023-07-26,138.86774909041196
PRODUCT_A,2023-07-27,121.3679030421939
PRODUCT_A,2023-07-28,122.56827922922848
PRODUCT_A,2023-07-29,143.51602653417407
PRODUCT_A,2023-07-30,144.01853883820198
PRODUCT_A,2023-07-31,160.18280387368557
PRODUCT_A,2023-08-01,152.10676069691527
PRODUCT_A,2023-08-02,123.57274103950368
PRODUCT_A,2023-08-03,125.93214612877685
PRODUCT_A,2023-08-04,125.83637365011361
PRODUCT_A,2023-08-05,137.77266879812348
PRODUCT_A,2023-08-06,158.71823445314297
PRODUCT_A,2023-08-07,170.83830511153383
PRODUCT_A,2023-08-08,149.64187574214438
PRODUCT_A,2023-08-09,132.68688493927394
PRODUCT_A,2023-08-10,118.39668115441005
PRODUCT_A,2023-08-11,120.3747795046863
PRODUCT_A,2023-08-12,144.48089718971727
PRODUCT_A,2023-08-13,151.75401573243596
PRODUCT_A,2023-08-14,160.3227817479774
PRODUCT_A,2023-08-15,146.82436697239362
PRODUCT_A,2023-08-16,134.32079087587366
PRODUCT_A,2023-08-17,122.84190591791513
PRODUCT_A,2023-08-18,130.29181081266992
PRODUCT_A,2023-08-19,138.25924585209086
PRODUCT_A,2023-08-20,155.16516992488215
PRODUCT_A,2023-08-21,155.55124172233846
PRODUCT_A,2023-08-22,147.47129764520804
PRODUCT_A,2023-08-23,134.29250395173528
PRODUCT_A,2023-08-24,125.43864821407622
PRODUCT_A,2023-08-25,120.97339420986101
PRODUCT_A,2023-08-26,145.63746718626146
PRODUCT_A,2023-08-27,163.7728436347439
PRODUCT_A,2023-08-28,162.99234455673712
PRODUCT_A,2023-08-29,159.55685274774834
PRODUCT_A,2023-08-30,129.0171652303626
PRODUCT_A,2023-08-31,115.91054135366099
PRODUCT_A,2023-09-01,117.17072932559648
PRODUCT_A,2023-09-02,149.24976888254764
PRODUCT_A,2023-09-03,160.74659236185818
PRODUCT_A,2023-09-04,161.1273564254354
PRODUCT_A,2023-09-05,152.0528265559265
PRODUCT_A,2023-09-06,127.73877572875794
PRODUCT_A,2023-09-07,134.84268450767127
PRODUCT_A,2023-09-08,127.19054621936274
PRODUCT_A,2023-09-09,142.79663103749706
PRODUCT_A,2023-09-10,161.5837069389501
PRODUCT_A,2023-09-11,164.29043567804038
PRODUCT_A,2023-09-12,152.25251328509037
PRODUCT_A,2023-09-13,129.8939584273906
PRODUCT_A,2023-09-14,125.45137613463625
PRODUCT_A,2023-09-15,136.4346725312305
PRODUCT_A,2023-09-16,149.45686703461604
PRODUCT_A,2023-09-17,166.40091669202232
PRODUCT_A,2023-09-18,159.80942087656996
PRODUCT_A,2023-09-19,146.66517880177327
PRODUCT_A,2023-09-20,133.6975058434883
PRODUCT_A,2023-09-21,123.85276864976882
PRODUCT_A,2023-09-22,132.97561738058022
PRODUCT_A,2023-09-23,134.74755339463562
PRODUCT_A,2023-09-24,166.56284489549714
PRODUCT_A,2023-09-25,162.05556950519954
PRODUCT_A,2023-09-26,149.95890729269638
PRODUCT_A,2023-09-27,129.74602830705513
PRODUCT_A,2023-09-28,115.7799704683656
PRODUCT_A,2023-09-29,132.1006224474038
PRODUCT_A,2023-09-30,144.0565761185203
PRODUCT_A,2023-10-01,152.94539853885752
PRODUCT_A,2023-10-02,156.850324877146
PRODUCT_A,2023-10-03,150.89449888535225
PRODUCT_A,2023-10-04,143.63176754917023
PRODUCT_A,2023-10-05,123.23640681024499
PRODUCT_A,2023-10-06,120.9491645013724
PRODUCT_A,2023-10-07,142.94138070151712
PRODUCT_A,2023-10-08,158.5116949281946
PRODUCT_A,2023-10-09,150.32139526212484
PRODUCT_A,2023-10-10,152.7820577885832
PRODUCT_A,2023-10-11,134.61209701105133
PRODUCT_A,2023-10-12,128.49550513049923
PRODUCT_A,2023-10-13,138.1897694810584
PRODUCT_A,2023-10-14,150.28303090905422
PRODUCT_A,2023-10-15,159.0109790635261
PRODUCT_A,2023-10-16,158.75330867249292
PRODUCT_A,2023-10-17,166.4004408767889
PRODUCT_A,2023-10-18,136.54297157153445
PRODUCT_A,2023-10-19,125.56422950536594
PRODUCT_A,2023-10-20,129.3044733101518
PRODUCT_A,2023-10-21,146.12073930452553
PRODUCT_A,2023-10-22,160.1137301960507
PRODUCT_A,2023-10-23,161.89773792116966
PRODUCT_A,2023-10-24,151.27945689370705
PRODUCT_A,2023-10-25,136.56322278975145
PRODUCT_A,2023-10-26,123.2575689295015
PRODUCT_A,2023-10-27,126.34097957168473
PRODUCT_A,2023-10-28,146.14257637851432
PRODUCT_A,2023-10-29,160.04075590793485
PRODUCT_A,2023-10-30,172.7661226378534
PRODUCT_A,2023-10-31,141.2390122973133
PRODUCT_A,2023-11-01,142.66463313981313
PRODUCT_A,2023-11-02,132.68522848702753
PRODUCT_A,2023-11-03,120.01836706239712
PRODUCT_A,2023-11-04,144.37709700902164
PRODUCT_A,2023-11-05,159.9385474044289
PRODUCT_A,2023-11-06,158.68870896071994
PRODUCT_A,2023-11-07,151.08488764069338
PRODUCT_A,2023-11-08,132.13432939224109
PRODUCT_A,2023-11-09,135.69626448102662
PRODUCT_A,2023-11-10,135.5438199295439
PRODUCT_A,2023-11-11,152.92842019376502
PRODUCT_A,2023-11-12,165.8842217939942
PRODUCT_A,2023-11-13,160.5611183175915
PRODUCT_A,2023-11-14,152.8314794866183
PRODUCT_A,2023-11-15,140.61419116507713
PRODUCT_A,2023-11-16,121.30438295881734
PRODUCT_A,2023-11-17,134.91052985403866
PRODUCT_A,2023-11-18,145.8491274673721
PRODUCT_A,2023-11-19,160.88186717539875
PRODUCT_A,2023-11-20,170.2412867540642
PRODUCT_A,2023-11-21,158.15550711481671
PRODUCT_A,2023-11-22,136.84259726921155
PRODUCT_A,2023-11-23,133.69178075946743
PRODUCT_A,2023-11-24,126.42033080454597
PRODUCT_A,2023-11-25,150.61054223225042
PRODUCT_A,2023-11-26,166.2015872423574
PRODUCT_A,2023-11-27,165.61886445584588
PRODUCT_A,2023-11-28,158.04496540796652
PRODUCT_A,2023-11-29,132.8719699557498
PRODUCT_A,2023-11-30,132.9953765780498
PRODUCT_A,2023-12-01,131.38124649969924
PRODUCT_A,2023-12-02,145.39735883430248
PRODUCT_A,2023-12-03,168.96123682106867
PRODUCT_A,2023-12-04,164.12498793907113
PRODUCT_A,2023-12-05,149.85210355430752
PRODUCT_A,2023-12-06,131.82450170942826
PRODUCT_A,2023-12-07,131.8854009781121
PRODUCT_A,2023-12-08,126.38372015880293
PRODUCT_A,2023-12-09,157.26505458619033
PRODUCT_A,2023-12-10,153.78665339183573
PRODUCT_A,2023-12-11,176.6090979726037
PRODUCT_A,2023-12-12,158.42960711150573
PRODUCT_A,2023-12-13,139.60419175706315
PRODUCT_A,2023-12-14,126.61086552670821
PRODUCT_A,2023-12-15,135.26165723241343
PRODUCT_A,2023-12-16,148.7830199035128
PRODUCT_A,2023-12-17,170.1929195807057
PRODUCT_A,2023-12-18,169.17806411383282
PRODUCT_A,2023-12-19,158.60613832217143
PRODUCT_A,2023-12-20,138.74980599471522
PRODUCT_A,2023-12-21,129.53084258151674
PRODUCT_A,2023-12-22,135.28509524448208
PRODUCT_A,2023-12-23,140.9004611917225
PRODUCT_A,2023-12-24,158.41559279946185
PRODUCT_A,2023-12-25,172.80335608000527
PRODUCT_A,2023-12-26,159.18906644487114
PRODUCT_A,2023-12-27,140.1280601133905
PRODUCT_A,2023-12-28,130.3878501048181
PRODUCT_A,2023-12-29,135.9641046661989
PRODUCT_A,2023-12-30,147.2326144928274
PRODUCT_A,2023-12-31,161.74510602234756
PRODUCT_B,2022-01-01,261.9584525509768
PRODUCT_B,2022-01-02,258.3983548688977
PRODUCT_B,2022-01-03,280.1006837831954
PRODUCT_B,2022-01-04,266.1510078858041
PRODUCT_B,2022-01-05,299.64697103054436
PRODUCT_B,2022-01-06,299.01855994718375
PRODUCT_B,2022-01-07,300.3398664944852
PRODUCT_B,2022-01-08,249.4958168048992
PRODUCT_B,2022-01-09,256.5354455025668
PRODUCT_B,2022-01-10,248.54969559704537
PRODUCT_B,2022-01-11,216.89840961970543
PRODUCT_B,2022-01-12,217.919448174107
PRODUCT_B,2022-01-13,218.57619349614015
PRODUCT_B,2022-01-14,218.1446622215129
PRODUCT_B,2022-01-15,215.36343501434038
PRODUCT_B,2022-01-16,194.80171205927923
PRODUCT_B,2022-01-17,195.71204457660832
PRODUCT_B,2022-01-18,178.33608721450298
PRODUCT_B,2022-01-19,172.4169742104165
PRODUCT_B,2022-01-20,158.01562284086404
PRODUCT_B,2022-01-21,157.5805869967862
PRODUCT_B,2022-01-22,149.43019521377687
PRODUCT_B,2022-01-23,150.889349407286
PRODUCT_B,2022-01-24,170.5496792655059
PRODUCT_B,2022-01-25,151.57543616366527
PRODUCT_B,2022-01-26,190.09573012515503
PRODUCT_B,2022-01-27,172.93960921922013
PRODUCT_B,2022-01-28,175.44227641009945
PRODUCT_B,2022-01-29,171.71449948003328
PRODUCT_B,2022-01-30,194.83850550098919
PRODUCT_B,2022-01-31,190.13078185212783
PRODUCT_B,2022-02-01,205.33293803194803
PRODUCT_B,2022-02-02,237.76543867578863
PRODUCT_B,2022-02-03,218.74132372090807
PRODUCT_B,2022-02-04,237.89881808970603
PRODUCT_B,2022-02-05,224.9618055383299
PRODUCT_B,2022-02-06,235.8782056182492
PRODUCT_B,2022-02-07,256.6385813043704
PRODUCT_B,2022-02-08,233.71706812269485
PRODUCT_B,2022-02-09,257.47640364290993
PRODUCT_B,2022-02-10,244.13047808461457
PRODUCT_B,2022-02-11,227.5624127831621
PRODUCT_B,2022-02-12,234.2418435812089
PRODUCT_B,2022-02-13,231.19339225593134
PRODUCT_B,2022-02-14,220.32818308413576
PRODUCT_B,2022-02-15,190.4533758692579
PRODUCT_B,2022-02-16,190.66947805093753
PRODUCT_B,2022-02-17,187.3379688348358
PRODUCT_B,2022-02-18,181.37191398959501
PRODUCT_B,2022-02-19,181.3823417024099
PRODUCT_B,2022-02-20,171.06179216786856
PRODUCT_B,2022-02-21,151.3394044798771
PRODUCT_B,2022-02-22,165.39598356319556
PRODUCT_B,2022-02-23,166.22515639489717
PRODUCT_B,2022-02-24,165.9289975138663
PRODUCT_B,2022-02-25,173.02823810419974
PRODUCT_B,2022-02-26,174.04663642243574
PRODUCT_B,2022-02-27,175.23638613499637
PRODUCT_B,2022-02-28,176.12149895723098
PRODUCT_B,2022-03-01,167.37223443878938
PRODUCT_B,2022-03-02,196.1140995462778
PRODUCT_B,2022-03-03,202.07687687163107
PRODUCT_B,2022-03-04,210.89787101700173
PRODUCT_B,2022-03-05,203.25067046784758
PRODUCT_B,2022-03-06,212.36627852409987
PRODUCT_B,2022-03-07,239.886943190617
PRODUCT_B,2022-03-08,233.89703358448673
PRODUCT_B,2022-03-09,244.59457612507268
PRODUCT_B,2022-03-10,239.95209072674865
PRODUCT_B,2022-03-11,240.1782624528985
PRODUCT_B,2022-03-12,247.7888330066241
PRODUCT_B,2022-03-13,230.14670465084814
PRODUCT_B,2022-03-14,231.67642561087385
PRODUCT_B,2022-03-15,220.20162638604654
PRODUCT_B,2022-03-16,213.5387894450814
PRODUCT_B,2022-03-17,207.09512357496283
PRODUCT_B,2022-03-18,204.28048790715104
PRODUCT_B,2022-03-19,189.0568907152028
PRODUCT_B,2022-03-20,198.44747779377144
PRODUCT_B,2022-03-21,169.5860792181409
PRODUCT_B,2022-03-22,170.21351736773266
PRODUCT_B,2022-03-23,162.41560887515354
PRODUCT_B,2022-03-24,177.4168201134776
PRODUCT_B,2022-03-25,162.6136297021751
PRODUCT_B,2022-03-26,170.33170669411382
PRODUCT_B,2022-03-27,146.21382132161497
PRODUCT_B,2022-03-28,166.4424121354737
PRODUCT_B,2022-03-29,176.90273816664552
PRODUCT_B,2022-03-30,174.41675506590497
PRODUCT_B,2022-03-31,190.95288103249896
PRODUCT_B,2022-04-01,182.66252220589556
PRODUCT_B,2022-04-02,209.9806345163613
PRODUCT_B,2022-04-03,227.10182112168678
PRODUCT_B,2022-04-04,208.53620768870408
PRODUCT_B,2022-04-05,215.2468975041469
PRODUCT_B,2022-04-06,240.93992959802625
PRODUCT_B,2022-04-07,247.78929124689586
PRODUCT_B,2022-04-08,230.99949025168618
PRODUCT_B,2022-04-09,234.72870677705674
PRODUCT_B,2022-04-10,237.16889261196744
PRODUCT_B,2022-04-11,225.9074129525979
PRODUCT_B,2022-04-12,227.86643926521785
PRODUCT_B,2022-04-13,223.14567287458408
PRODUCT_B,2022-04-14,220.2397905396125
PRODUCT_B,2022-04-15,221.1209988857962
PRODUCT_B,2022-04-16,216.45223078732903
PRODUCT_B,2022-04-17,221.6606279963032
PRODUCT_B,2022-04-18,187.95730940179823
PRODUCT_B,2022-04-19,199.65637917511677
PRODUCT_B,2022-04-20,179.97635983834047
PRODUCT_B,2022-04-21,174.6809836303788
PRODUCT_B,2022-04-22,176.032977080202
PRODUCT_B,2022-04-23,153.46562785135512
PRODUCT_B,2022-04-24,165.41810251497645
PRODUCT_B,2022-04-25,161.7838210241895
PRODUCT_B,2022-04-26,165.25560567463745
PRODUCT_B,2022-04-27,165.11211728773173
PRODUCT_B,2022-04-28,190.26041627605565
PRODUCT_B,2022-04-29,164.26718550019882
PRODUCT_B,2022-04-30,171.51318652179916
PRODUCT_B,2022-05-01,177.7504385097016
PRODUCT_B,2022-05-02,186.26314616334943
PRODUCT_B,2022-05-03,193.62612872693478
PRODUCT_B,2022-05-04,220.07224795612345
PRODUCT_B,2022-05-05,230.2231987059492
PRODUCT_B,2022-05-06,217.4693809906877
PRODUCT_B,2022-05-07,221.0318589262457
PRODUCT_B,2022-05-08,239.0067406869173
PRODUCT_B,2022-05-09,232.2573387085367
PRODUCT_B,2022-05-10,245.99822514299916
PRODUCT_B,2022-05-11,241.90993126645407
PRODUCT_B,2022-05-12,223.24855379689174
PRODUCT_B,2022-05-13,250.78220394632254
PRODUCT_B,2022-05-14,248.6739945724192
PRODUCT_B,2022-05-15,218.69649236825308
PRODUCT_B,2022-05-16,214.0067361200448
PRODUCT_B,2022-05-17,213.0454987168982
PRODUCT_B,2022-05-18,205.40371809068418
PRODUCT_B,2022-05-19,200.4298196585658
PRODUCT_B,2022-05-20,205.99196192569974
PRODUCT_B,2022-05-21,176.7626799653956
PRODUCT_B,2022-05-22,164.09926136396183
PRODUCT_B,2022-05-23,153.01972717774993
PRODUCT_B,2022-05-24,155.63774087052101
PRODUCT_B,2022-05-25,160.31681220832138
PRODUCT_B,2022-05-26,177.95883993460535
PRODUCT_B,2022-05-27,155.89331206162296
PRODUCT_B,2022-05-28,166.00978899317013
PRODUCT_B,2022-05-29,167.8422012496837
PRODUCT_B,2022-05-30,185.47784790763154
PRODUCT_B,2022-05-31,205.56740154058156
PRODUCT_B,2022-06-01,182.52671897769605
PRODUCT_B,2022-06-02,190.99276568932328
PRODUCT_B,2022-06-03,214.55444865618512
PRODUCT_B,2022-06-04,218.9835081893638
PRODUCT_B,2022-06-05,238.1689959755148
PRODUCT_B,2022-06-06,232.24536668010887
PRODUCT_B,2022-06-07,228.40064888171804
PRODUCT_B,2022-06-08,242.13463883014202
PRODUCT_B,2022-06-09,250.01761075384437
PRODUCT_B,2022-06-10,248.19156051254615
PRODUCT_B,2022-06-11,244.42465837401366
PRODUCT_B,2022-06-12,247.7197056259514
PRODUCT_B,2022-06-13,244.8800364465615
PRODUCT_B,2022-06-14,241.7393561010292
PRODUCT_B,2022-06-15,227.9549466355606
PRODUCT_B,2022-06-16,212.4389026587953
PRODUCT_B,2022-06-17,207.62275993249568
PRODUCT_B,2022-06-18,210.0059394742696
PRODUCT_B,2022-06-19,181.64379848047855
PRODUCT_B,2022-06-20,185.80298136932444
PRODUCT_B,2022-06-21,171.24223260362942
PRODUCT_B,2022-06-22,169.57223038788425
PRODUCT_B,2022-06-23,177.4773666930511
PRODUCT_B,2022-06-24,163.50499573333502
PRODUCT_B,2022-06-25,160.58366442362043
PRODUCT_B,2022-06-26,146.73253162475672
PRODUCT_B,2022-06-27,169.68296650892577
PRODUCT_B,2022-06-28,172.1622566883575
PRODUCT_B,2022-06-29,192.27713257576656
PRODUCT_B,2022-06-30,173.74537372228744
PRODUCT_B,2022-07-01,186.17334705058877
PRODUCT_B,2022-07-02,194.31175419205937
PRODUCT_B,2022-07-03,215.7745327976347
PRODUCT_B,2022-07-04,207.22912732117825
PRODUCT_B,2022-07-05,218.8083714837539
PRODUCT_B,2022-07-06,229.25580902534787
PRODUCT_B,2022-07-07,231.22150588885154
PRODUCT_B,2022-07-08,229.82824897754804
PRODUCT_B,2022-07-09,239.72046908032956
PRODUCT_B,2022-07-10,250.40522446404177
PRODUCT_B,2022-07-11,229.61554806383046
PRODUCT_B,2022-07-12,239.73569168833285
PRODUCT_B,2022-07-13,228.3059437836302
PRODUCT_B,2022-07-14,242.6656841307124
PRODUCT_B,2022-07-15,209.59251022525933
PRODUCT_B,2022-07-16,212.29453324668876
PRODUCT_B,2022-07-17,213.95896356029465
PRODUCT_B,2022-07-18,217.7143904831572
PRODUCT_B,2022-07-19,193.18687432110752
PRODUCT_B,2022-07-20,180.33792127110428
PRODUCT_B,2022-07-21,197.34372293474186
PRODUCT_B,2022-07-22,157.60209480518392
PRODUCT_B,2022-07-23,144.82485989169447
PRODUCT_B,2022-07-24,167.34718577047352
PRODUCT_B,2022-07-25,155.62753969353327
PRODUCT_B,2022-07-26,149.80093312812036
PRODUCT_B,2022-07-27,168.15298952497818
PRODUCT_B,2022-07-28,166.20991661449315
PRODUCT_B,2022-07-29,162.365643903044
PRODUCT_B,2022-07-30,160.7908711864417
PRODUCT_B,2022-07-31,189.02265056464688
PRODUCT_B,2022-08-01,194.33741848648597
PRODUCT_B,2022-08-02,194.89540147671164
PRODUCT_B,2022-08-03,222.57920984597106
PRODUCT_B,2022-08-04,201.46374562983897
PRODUCT_B,2022-08-05,204.44667100890706
PRODUCT_B,2022-08-06,219.48700412803677
PRODUCT_B,2022-08-07,231.53770962603363
PRODUCT_B,2022-08-08,238.66148501644582
PRODUCT_B,2022-08-09,236.51821436945198
PRODUCT_B,2022-08-10,243.50729266571548
PRODUCT_B,2022-08-11,226.8365238210362
PRODUCT_B,2022-08-12,251.49060477079246
PRODUCT_B,2022-08-13,232.36556875817908
PRODUCT_B,2022-08-14,239.090724506535
PRODUCT_B,2022-08-15,224.8951012234412
PRODUCT_B,2022-08-16,218.6776156535017
PRODUCT_B,2022-08-17,211.8532958704848
PRODUCT_B,2022-08-18,202.4179354093595
PRODUCT_B,2022-08-19,196.2403827890261
PRODUCT_B,2022-08-20,195.4077735819198
PRODUCT_B,2022-08-21,177.14083242391774
PRODUCT_B,2022-08-22,176.3748197344212
PRODUCT_B,2022-08-23,163.79549112410587
PRODUCT_B,2022-08-24,175.99517720763066
PRODUCT_B,2022-08-25,153.35537592146625
PRODUCT_B,2022-08-26,178.34049736366407
PRODUCT_B,2022-08-27,161.81885134221002
PRODUCT_B,2022-08-28,151.3996638557661
PRODUCT_B,2022-08-29,171.92562949181982
PRODUCT_B,2022-08-30,170.0126394970686
PRODUCT_B,2022-08-31,192.3882792638366
PRODUCT_B,2022-09-01,185.2916775619282
PRODUCT_B,2022-09-02,195.53816566785213
PRODUCT_B,2022-09-03,189.28667533559275
PRODUCT_B,2022-09-04,211.49509303355973
PRODUCT_B,2022-09-05,198.93805066189287
PRODUCT_B,2022-09-06,213.5163864224307
PRODUCT_B,2022-09-07,241.89673168449616
PRODUCT_B,2022-09-08,245.63757073785473
PRODUCT_B,2022-09-09,243.9234825832937
PRODUCT_B,2022-09-10,230.21093962664892
PRODUCT_B,2022-09-11,237.92888138544424
PRODUCT_B,2022-09-12,235.27112654211626
PRODUCT_B,2022-09-13,219.13157094953857
PRODUCT_B,2022-09-14,239.85836229076858
PRODUCT_B,2022-09-15,226.6573746251614
PRODUCT_B,2022-09-16,207.97720307135256
PRODUCT_B,2022-09-17,202.32800858075942
PRODUCT_B,2022-09-18,195.92820501131322
PRODUCT_B,2022-09-19,165.47256785379363
PRODUCT_B,2022-09-20,176.06037841513
PRODUCT_B,2022-09-21,165.26239132936823
PRODUCT_B,2022-09-22,156.79671935894615
PRODUCT_B,2022-09-23,160.13603834108065
PRODUCT_B,2022-09-24,178.62494720555458
PRODUCT_B,2022-09-25,166.42168991209758
PRODUCT_B,2022-09-26,155.35763515415672
PRODUCT_B,2022-09-27,169.4977372903426
PRODUCT_B,2022-09-28,181.99998457627112
PRODUCT_B,2022-09-29,182.84025200227836
PRODUCT_B,2022-09-30,180.89438098104716
PRODUCT_B,2022-10-01,181.36603892984363
PRODUCT_B,2022-10-02,202.86939325064137
PRODUCT_B,2022-10-03,208.04769373971186
PRODUCT_B,2022-10-04,221.11652549337808
PRODUCT_B,2022-10-05,226.05364073497412
PRODUCT_B,2022-10-06,236.90161198004256
PRODUCT_B,2022-10-07,226.6412176739831
PRODUCT_B,2022-10-08,249.40203117956204
PRODUCT_B,2022-10-09,240.90657099493927
PRODUCT_B,2022-10-10,260.7393474268252
PRODUCT_B,2022-10-11,232.46003988204498
PRODUCT_B,2022-10-12,254.41259676171222
PRODUCT_B,2022-10-13,235.1661883767313
PRODUCT_B,2022-10-14,221.40358615450924
PRODUCT_B,2022-10-15,216.62898941912096
PRODUCT_B,2022-10-16,210.90661038002068
PRODUCT_B,2022-10-17,210.39728253218166
PRODUCT_B,2022-10-18,203.16920468954135
PRODUCT_B,2022-10-19,184.0761551509652
PRODUCT_B,2022-10-20,181.87270235798593
PRODUCT_B,2022-10-21,196.59832431302192
PRODUCT_B,2022-10-22,186.560213859543
PRODUCT_B,2022-10-23,169.05608476371847
PRODUCT_B,2022-10-24,161.97403983481794
PRODUCT_B,2022-10-25,161.31961220924154
PRODUCT_B,2022-10-26,166.4662727618601
PRODUCT_B,2022-10-27,151.99250519666947
PRODUCT_B,2022-10-28,163.13364950271313
PRODUCT_B,2022-10-29,153.95874460393605
PRODUCT_B,2022-10-30,180.8153872978702
PRODUCT_B,2022-10-31,190.4538031709765
PRODUCT_B,2022-11-01,186.98605273195804
PRODUCT_B,2022-11-02,215.73986763290026
PRODUCT_B,2022-11-03,195.9244260150246
PRODUCT_B,2022-11-04,201.37440742395253
PRODUCT_B,2022-11-05,225.42136211378218
PRODUCT_B,2022-11-06,239.82639768340948
PRODUCT_B,2022-11-07,251.13186203763183
PRODUCT_B,2022-11-08,233.19072652265697
PRODUCT_B,2022-11-09,250.455715299757
PRODUCT_B,2022-11-10,239.495616362934
PRODUCT_B,2022-11-11,236.67972194745602
PRODUCT_B,2022-11-12,244.14375130788855
PRODUCT_B,2022-11-13,237.23844662559804
PRODUCT_B,2022-11-14,209.0604577032546
PRODUCT_B,2022-11-15,232.64915521666364
PRODUCT_B,2022-11-16,223.98775835112372
PRODUCT_B,2022-11-17,195.80352317571857
PRODUCT_B,2022-11-18,197.80241226621152
PRODUCT_B,2022-11-19,190.83021840086397
PRODUCT_B,2022-11-20,181.13888989857531
PRODUCT_B,2022-11-21,166.5791822708922
PRODUCT_B,2022-11-22,160.0966857785148
PRODUCT_B,2022-11-23,162.69150056002576
PRODUCT_B,2022-11-24,172.375372129653
PRODUCT_B,2022-11-25,265.4492628453718
PRODUCT_B,2022-11-26,157.3632817311237
PRODUCT_B,2022-11-27,171.48889658326448
PRODUCT_B,2022-11-28,139.52100400411035
PRODUCT_B,2022-11-29,185.08157217687167
PRODUCT_B,2022-11-30,162.9009394940644
PRODUCT_B,2022-12-01,184.210997292868
PRODUCT_B,2022-12-02,184.6904611682437
PRODUCT_B,2022-12-03,191.16602512828555
PRODUCT_B,2022-12-04,223.77286116688566
PRODUCT_B,2022-12-05,215.0249107050355
PRODUCT_B,2022-12-06,229.87112364415634
PRODUCT_B,2022-12-07,231.52436400079694
PRODUCT_B,2022-12-08,240.99849879544985
PRODUCT_B,2022-12-09,239.69879385861788
PRODUCT_B,2022-12-10,227.15681645868682
PRODUCT_B,2022-12-11,249.3145862574121
PRODUCT_B,2022-12-12,232.11539289844674
PRODUCT_B,2022-12-13,217.6212615555073
PRODUCT_B,2022-12-14,223.6366145809946
PRODUCT_B,2022-12-15,316.47544566600754
PRODUCT_B,2022-12-16,302.61230088309856
PRODUCT_B,2022-12-17,282.66910172408416
PRODUCT_B,2022-12-18,274.4482727660021
PRODUCT_B,2022-12-19,266.59680467817714
PRODUCT_B,2022-12-20,282.88372811620394
PRODUCT_B,2022-12-21,258.9949752492186
PRODUCT_B,2022-12-22,253.585198630447
PRODUCT_B,2022-12-23,254.99568260729643
PRODUCT_B,2022-12-24,243.98189664340114
PRODUCT_B,2022-12-25,237.52887748385191
PRODUCT_B,2022-12-26,158.36759454370613
PRODUCT_B,2022-12-27,161.5044182545129
PRODUCT_B,2022-12-28,165.335192511848
PRODUCT_B,2022-12-29,177.9208807790819
PRODUCT_B,2022-12-30,177.3426149298906
PRODUCT_B,2022-12-31,191.30824454610487
PRODUCT_B,2023-01-01,251.0107515538665
PRODUCT_B,2023-01-02,260.7863519031608
PRODUCT_B,2023-01-03,248.20007579972693
PRODUCT_B,2023-01-04,285.18143297307506
PRODUCT_B,2023-01-05,286.6417286871625
PRODUCT_B,2023-01-06,299.3355157558843
PRODUCT_B,2023-01-07,265.3300313411163
PRODUCT_B,2023-01-08,258.66331619915366
PRODUCT_B,2023-01-09,238.27301068389232
PRODUCT_B,2023-01-10,250.96252922531622
PRODUCT_B,2023-01-11,228.00693567560873
PRODUCT_B,2023-01-12,241.43489098364753
PRODUCT_B,2023-01-13,220.18106220972766
PRODUCT_B,2023-01-14,218.58668966613862
PRODUCT_B,2023-01-15,237.02406525807257
PRODUCT_B,2023-01-16,208.28002080201577
PRODUCT_B,2023-01-17,204.23347892261165
PRODUCT_B,2023-01-18,202.545054238725
PRODUCT_B,2023-01-19,190.84673541776263
PRODUCT_B,2023-01-20,180.036341291772
PRODUCT_B,2023-01-21,175.73184383400826
PRODUCT_B,2023-01-22,190.8470753102781
PRODUCT_B,2023-01-23,162.37085329960436
PRODUCT_B,2023-01-24,162.659072404209
PRODUCT_B,2023-01-25,170.5198052595036
PRODUCT_B,2023-01-26,172.12468438156444
PRODUCT_B,2023-01-27,175.64221253238483
PRODUCT_B,2023-01-28,174.39373243070293
PRODUCT_B,2023-01-29,162.1638660458458
PRODUCT_B,2023-01-30,196.63239260485585
PRODUCT_B,2023-01-31,176.37195277671242
PRODUCT_B,2023-02-01,198.91351476689601
PRODUCT_B,2023-02-02,196.57008138530048
PRODUCT_B,2023-02-03,211.52320982717106
PRODUCT_B,2023-02-04,222.9895468211892
PRODUCT_B,2023-02-05,229.6196569813519
PRODUCT_B,2023-02-06,236.2127773319416
PRODUCT_B,2023-02-07,252.36520321380536
PRODUCT_B,2023-02-08,243.465917963155
PRODUCT_B,2023-02-09,237.54517234766604
PRODUCT_B,2023-02-10,248.9927897458243
PRODUCT_B,2023-02-11,248.94766361930627
PRODUCT_B,2023-02-12,220.9110023907349
PRODUCT_B,2023-02-13,233.89176688915234
PRODUCT_B,2023-02-14,228.47957518277295
PRODUCT_B,2023-02-15,211.13444842836427
PRODUCT_B,2023-02-16,219.91269120127845
PRODUCT_B,2023-02-17,196.44029393886115
PRODUCT_B,2023-02-18,191.06891972506642
PRODUCT_B,2023-02-19,180.38553003775735
PRODUCT_B,2023-02-20,175.3314112027178
PRODUCT_B,2023-02-21,158.32203128958395
PRODUCT_B,2023-02-22,150.29233924103534
PRODUCT_B,2023-02-23,177.53905568538556
PRODUCT_B,2023-02-24,151.64968545887567
PRODUCT_B,2023-02-25,150.41716953999284
PRODUCT_B,2023-02-26,140.6865297126164
PRODUCT_B,2023-02-27,159.3177974000517
PRODUCT_B,2023-02-28,157.41368740863672
PRODUCT_B,2023-03-01,193.2433076731813
PRODUCT_B,2023-03-02,194.0800146673754
PRODUCT_B,2023-03-03,184.93641390317453
PRODUCT_B,2023-03-04,222.5243580534435
PRODUCT_B,2023-03-05,217.99973751496393
PRODUCT_B,2023-03-06,212.76984239096444
PRODUCT_B,2023-03-07,198.18278677944645
PRODUCT_B,2023-03-08,252.26484038319552
PRODUCT_B,2023-03-09,220.39686045541717
PRODUCT_B,2023-03-10,221.32558168177746
PRODUCT_B,2023-03-11,249.89461128554046
PRODUCT_B,2023-03-12,264.2782251213338
PRODUCT_B,2023-03-13,252.2487231319694
PRODUCT_B,2023-03-14,240.94624313354544
PRODUCT_B,2023-03-15,236.66276125811672
PRODUCT_B,2023-03-16,233.3585348609002
PRODUCT_B,2023-03-17,225.47303761727238
PRODUCT_B,2023-03-18,212.998759049343
PRODUCT_B,2023-03-19,203.10116123033265
PRODUCT_B,2023-03-20,193.21844565284283
PRODUCT_B,2023-03-21,178.3502706493693
PRODUCT_B,2023-03-22,175.72540147166853
PRODUCT_B,2023-03-23,155.15266566739257
PRODUCT_B,2023-03-24,165.82952318994782
PRODUCT_B,2023-03-25,153.06113019843104
PRODUCT_B,2023-03-26,149.61218876490165
PRODUCT_B,2023-03-27,161.81220281096228
PRODUCT_B,2023-03-28,174.98944791543073
PRODUCT_B,2023-03-29,172.95507553680412
PRODUCT_B,2023-03-30,152.30142417417932
PRODUCT_B,2023-03-31,163.69763380744723
PRODUCT_B,2023-04-01,189.70578916172752
PRODUCT_B,2023-04-02,178.01053277151567
PRODUCT_B,2023-04-03,193.64082861453545
PRODUCT_B,2023-04-04,209.61336087573955
PRODUCT_B,2023-04-05,202.4811487444641
PRODUCT_B,2023-04-06,220.7556777796145
PRODUCT_B,2023-04-07,213.0658298776671
PRODUCT_B,2023-04-08,225.97989335007662
PRODUCT_B,2023-04-09,239.425909864644
PRODUCT_B,2023-04-10,223.00063761269865
PRODUCT_B,2023-04-11,244.3914860801765
PRODUCT_B,2023-04-12,239.1555400736739
PRODUCT_B,2023-04-13,242.57785827423137
PRODUCT_B,2023-04-14,235.42622188275143
PRODUCT_B,2023-04-15,241.5591704903926
PRODUCT_B,2023-04-16,222.72009278614306
PRODUCT_B,2023-04-17,209.81602805071114
PRODUCT_B,2023-04-18,207.37859809848564
PRODUCT_B,2023-04-19,203.3738300995497
PRODUCT_B,2023-04-20,190.3017558936081
PRODUCT_B,2023-04-21,182.52216519263436
PRODUCT_B,2023-04-22,168.155703848836
PRODUCT_B,2023-04-23,162.65577298302648
PRODUCT_B,2023-04-24,150.66679534898134
PRODUCT_B,2023-04-25,179.0897724850054
PRODUCT_B,2023-04-26,147.6806665881461
PRODUCT_B,2023-04-27,153.40204105659686
PRODUCT_B,2023-04-28,155.03635819296153
PRODUCT_B,2023-04-29,174.65665864639112
PRODUCT_B,2023-04-30,167.6950885597918
PRODUCT_B,2023-05-01,189.30057679855446
PRODUCT_B,2023-05-02,177.24693753151087
PRODUCT_B,2023-05-03,194.60785897718975
PRODUCT_B,2023-05-04,191.64652946740225
PRODUCT_B,2023-05-05,229.6335739227813
PRODUCT_B,2023-05-06,204.14217203575555
PRODUCT_B,2023-05-07,226.2750510304529
PRODUCT_B,2023-05-08,235.69318346660867
PRODUCT_B,2023-05-09,238.4305760975684
PRODUCT_B,2023-05-10,235.9266925625693
PRODUCT_B,2023-05-11,238.3706999681098
PRODUCT_B,2023-05-12,240.31881577773217
PRODUCT_B,2023-05-13,236.9359749305792
PRODUCT_B,2023-05-14,244.94594310097122
PRODUCT_B,2023-05-15,252.82044785737776
PRODUCT_B,2023-05-16,219.24946142301883
PRODUCT_B,2023-05-17,204.18572192361398
PRODUCT_B,2023-05-18,209.30402432613673
PRODUCT_B,2023-05-19,227.8562435673571
PRODUCT_B,2023-05-20,185.80763125214017
PRODUCT_B,2023-05-21,202.2810845924773
PRODUCT_B,2023-05-22,195.30916038110018
PRODUCT_B,2023-05-23,166.54635139226653
PRODUCT_B,2023-05-24,172.50275024974812
PRODUCT_B,2023-05-25,179.23100750122563
PRODUCT_B,2023-05-26,156.85680452718447
PRODUCT_B,2023-05-27,157.97745769840384
PRODUCT_B,2023-05-28,155.2526159124982
PRODUCT_B,2023-05-29,153.62434216985258
PRODUCT_B,2023-05-30,161.513654759751
PRODUCT_B,2023-05-31,161.35451250552805
PRODUCT_B,2023-06-01,180.6389119644376
PRODUCT_B,2023-06-02,180.13567439631285
PRODUCT_B,2023-06-03,198.22501923241256
PRODUCT_B,2023-06-04,188.5538834234583
PRODUCT_B,2023-06-05,215.47339561524498
PRODUCT_B,2023-06-06,228.03721233424363
PRODUCT_B,2023-06-07,206.46872840113417
PRODUCT_B,2023-06-08,235.73413548806445
PRODUCT_B,2023-06-09,248.5047804479518
PRODUCT_B,2023-06-10,226.83416476110312
PRODUCT_B,2023-06-11,256.71246256894955
PRODUCT_B,2023-06-12,243.54210815660116
PRODUCT_B,2023-06-13,230.0028401724758
PRODUCT_B,2023-06-14,232.62938976552778
PRODUCT_B,2023-06-15,233.501035315871
PRODUCT_B,2023-06-16,222.2279016737886
PRODUCT_B,2023-06-17,219.49764338642737
PRODUCT_B,2023-06-18,196.94888713736918
PRODUCT_B,2023-06-19,199.63445804954722
PRODUCT_B,2023-06-20,175.6760102213007
PRODUCT_B,2023-06-21,181.00398766710856
PRODUCT_B,2023-06-22,166.13654431225524
PRODUCT_B,2023-06-23,161.92948273263866
PRODUCT_B,2023-06-24,177.05377981908242
PRODUCT_B,2023-06-25,172.5071062590787
PRODUCT_B,2023-06-26,166.2106801511307
PRODUCT_B,2023-06-27,149.40796538783013
PRODUCT_B,2023-06-28,159.05634635170549
PRODUCT_B,2023-06-29,177.83839187673854
PRODUCT_B,2023-06-30,172.06175447911113
PRODUCT_B,2023-07-01,200.01645147163453
PRODUCT_B,2023-07-02,187.91502216789274
PRODUCT_B,2023-07-03,193.73840851985202
PRODUCT_B,2023-07-04,196.90883535797482
PRODUCT_B,2023-07-05,209.51749169287078
PRODUCT_B,2023-07-06,214.4934578622447
PRODUCT_B,2023-07-07,230.25793069506852
PRODUCT_B,2023-07-08,238.92243782523354
PRODUCT_B,2023-07-09,226.43269051797364
PRODUCT_B,2023-07-10,224.46723961576876
PRODUCT_B,2023-07-11,221.30685323441108
PRODUCT_B,2023-07-12,244.9606143270665
PRODUCT_B,2023-07-13,227.37232888512534
PRODUCT_B,2023-07-14,213.77824600349703
PRODUCT_B,2023-07-15,234.6010038867739
PRODUCT_B,2023-07-16,249.75437444742505
PRODUCT_B,2023-07-17,217.82304260400582
PRODUCT_B,2023-07-18,218.57175255416573
PRODUCT_B,2023-07-19,202.87744377629014
PRODUCT_B,2023-07-20,192.85548039992608
PRODUCT_B,2023-07-21,195.0806813679138
PRODUCT_B,2023-07-22,175.6294067984498
PRODUCT_B,2023-07-23,174.7561569500651
PRODUCT_B,2023-07-24,170.0298975198555
PRODUCT_B,2023-07-25,156.26613673350977
PRODUCT_B,2023-07-26,170.56850543242467
PRODUCT_B,2023-07-27,158.2636637324734
PRODUCT_B,2023-07-28,153.51197345705614
PRODUCT_B,2023-07-29,169.13700791248502
PRODUCT_B,2023-07-30,159.02175039250068
PRODUCT_B,2023-07-31,173.87572674684185
PRODUCT_B,2023-08-01,180.2068873154033
PRODUCT_B,2023-08-02,198.69436236521503
PRODUCT_B,2023-08-03,200.63414244330517
PRODUCT_B,2023-08-04,203.86257029804256
PRODUCT_B,2023-08-05,220.3422562851038
PRODUCT_B,2023-08-06,233.60399820832748
PRODUCT_B,2023-08-07,231.98418789036776
PRODUCT_B,2023-08-08,232.09709598802218
PRODUCT_B,2023-08-09,223.10972819971724
PRODUCT_B,2023-08-10,228.27943831726145
PRODUCT_B,2023-08-11,236.93449165702583
PRODUCT_B,2023-08-12,233.2567960413478
PRODUCT_B,2023-08-13,235.18324570020542
PRODUCT_B,2023-08-14,233.7535797910759
PRODUCT_B,2023-08-15,233.2146937342211
PRODUCT_B,2023-08-16,220.76285997907308
PRODUCT_B,2023-08-17,218.97509990022627
PRODUCT_B,2023-08-18,206.8003672162635
PRODUCT_B,2023-08-19,178.18618414564776
PRODUCT_B,2023-08-20,180.41980125216352
PRODUCT_B,2023-08-21,180.67537272337995
PRODUCT_B,2023-08-22,163.07867329849205
PRODUCT_B,2023-08-23,175.28406945849804
PRODUCT_B,2023-08-24,180.00035639041528
PRODUCT_B,2023-08-25,173.78162357010905
PRODUCT_B,2023-08-26,157.98487023275686
PRODUCT_B,2023-08-27,175.23835440305544
PRODUCT_B,2023-08-28,163.70710542067462
PRODUCT_B,2023-08-29,162.33655516576627
PRODUCT_B,2023-08-30,164.5105587073023
PRODUCT_B,2023-08-31,173.7984592069358
PRODUCT_B,2023-09-01,180.10007558853673
PRODUCT_B,2023-09-02,193.52207957870658
PRODUCT_B,2023-09-03,201.60573981049845
PRODUCT_B,2023-09-04,208.21254284658207
PRODUCT_B,2023-09-05,220.38753792351412
PRODUCT_B,2023-09-06,235.08330667604554
PRODUCT_B,2023-09-07,238.8509560117013
PRODUCT_B,2023-09-08,219.4436054385541
PRODUCT_B,2023-09-09,212.24035780232683
PRODUCT_B,2023-09-10,249.01210607783676
PRODUCT_B,2023-09-11,226.21191407378686
PRODUCT_B,2023-09-12,236.15834092793725
PRODUCT_B,2023-09-13,223.60602167242854
PRODUCT_B,2023-09-14,212.6954134656637
PRODUCT_B,2023-09-15,230.23900655514507
PRODUCT_B,2023-09-16,225.47530332243124
PRODUCT_B,2023-09-17,204.42174080238212
PRODUCT_B,2023-09-18,176.14872726936483
PRODUCT_B,2023-09-19,188.3819324493127
PRODUCT_B,2023-09-20,189.80795659206157
PRODUCT_B,2023-09-21,163.7430365525955
PRODUCT_B,2023-09-22,173.91583300713762
PRODUCT_B,2023-09-23,166.65982096616509
PRODUCT_B,2023-09-24,168.73995626595138
PRODUCT_B,2023-09-25,161.8438856212008
PRODUCT_B,2023-09-26,150.2825718906119
PRODUCT_B,2023-09-27,173.0351400686295
PRODUCT_B,2023-09-28,162.18661374651128
PRODUCT_B,2023-09-29,167.73338481531172
PRODUCT_B,2023-09-30,164.2612355824186
PRODUCT_B,2023-10-01,175.8652547699302
PRODUCT_B,2023-10-02,178.98737956663024
PRODUCT_B,2023-10-03,194.15769951527142
PRODUCT_B,2023-10-04,221.22992468691797
PRODUCT_B,2023-10-05,198.44558186378737
PRODUCT_B,2023-10-06,203.5663087393874
PRODUCT_B,2023-10-07,241.11778810178475
PRODUCT_B,2023-10-08,229.9003330180704
PRODUCT_B,2023-10-09,229.53736313661943
PRODUCT_B,2023-10-10,249.32962182197596
PRODUCT_B,2023-10-11,233.9305833032039
PRODUCT_B,2023-10-12,257.61201519841006
PRODUCT_B,2023-10-13,243.8322174434526
PRODUCT_B,2023-10-14,228.30796646064783
PRODUCT_B,2023-10-15,249.49084832330885
PRODUCT_B,2023-10-16,215.41069852963065
PRODUCT_B,2023-10-17,221.53103718205682
PRODUCT_B,2023-10-18,209.14854887222725
PRODUCT_B,2023-10-19,210.95826270317502
PRODUCT_B,2023-10-20,205.42826715761905
PRODUCT_B,2023-10-21,182.43628977125275
PRODUCT_B,2023-10-22,167.64144202344175
PRODUCT_B,2023-10-23,173.88450358792753
PRODUCT_B,2023-10-24,157.91569436945673
PRODUCT_B,2023-10-25,181.72787752840227
PRODUCT_B,2023-10-26,161.48465225288632
PRODUCT_B,2023-10-27,156.67787752143482
PRODUCT_B,2023-10-28,164.06723390730258
PRODUCT_B,2023-10-29,152.2361519816497
PRODUCT_B,2023-10-30,160.92844495760477
PRODUCT_B,2023-10-31,188.8272951512618
PRODUCT_B,2023-11-01,177.41290098423556
PRODUCT_B,2023-11-02,181.34880752813172
PRODUCT_B,2023-11-03,205.36652752527206
PRODUCT_B,2023-11-04,220.03912419167844
PRODUCT_B,2023-11-05,223.20768933270077
PRODUCT_B,2023-11-06,233.13732078624028
PRODUCT_B,2023-11-07,221.78746377159382
PRODUCT_B,2023-11-08,220.07447845563468
PRODUCT_B,2023-11-09,252.7929056709012
PRODUCT_B,2023-11-10,236.44210857702268
PRODUCT_B,2023-11-11,237.3723708933906
PRODUCT_B,2023-11-12,251.68793636535466
PRODUCT_B,2023-11-13,240.86945202702847
PRODUCT_B,2023-11-14,235.2740955622807
PRODUCT_B,2023-11-15,246.47440272210756
PRODUCT_B,2023-11-16,211.44856941560286
PRODUCT_B,2023-11-17,219.46524609046224
PRODUCT_B,2023-11-18,202.62928143978425
PRODUCT_B,2023-11-19,196.53029972047068
PRODUCT_B,2023-11-20,201.174600802162
PRODUCT_B,2023-11-21,183.61050980323256
PRODUCT_B,2023-11-22,177.46519459984282
PRODUCT_B,2023-11-23,177.5379928309934
PRODUCT_B,2023-11-24,259.2975139745114
PRODUCT_B,2023-11-25,152.25598526366952
PRODUCT_B,2023-11-26,149.56516935921715
PRODUCT_B,2023-11-27,141.4058591582247
PRODUCT_B,2023-11-28,184.33398077618395
PRODUCT_B,2023-11-29,156.97434655319455
PRODUCT_B,2023-11-30,171.38137893729325
PRODUCT_B,2023-12-01,177.5299442829556
PRODUCT_B,2023-12-02,190.90947368498968
PRODUCT_B,2023-12-03,204.04453223989913
PRODUCT_B,2023-12-04,212.71757476909139
PRODUCT_B,2023-12-05,206.33381890741097
PRODUCT_B,2023-12-06,218.0307055802902
PRODUCT_B,2023-12-07,229.23188433173212
PRODUCT_B,2023-12-08,229.50665852775322
PRODUCT_B,2023-12-09,252.30154628341876
PRODUCT_B,2023-12-10,243.8403244643978
PRODUCT_B,2023-12-11,247.33551656107068
PRODUCT_B,2023-12-12,245.98073074961496
PRODUCT_B,2023-12-13,248.78769730491337
PRODUCT_B,2023-12-14,234.99729612914163
PRODUCT_B,2023-12-15,294.94944671109573
PRODUCT_B,2023-12-16,305.46472727719095
PRODUCT_B,2023-12-17,287.5965145240449
PRODUCT_B,2023-12-18,280.8694562506653
PRODUCT_B,2023-12-19,283.8044899967374
PRODUCT_B,2023-12-20,282.19598590468746
PRODUCT_B,2023-12-21,262.3289640479563
PRODUCT_B,2023-12-22,258.2639508528928
PRODUCT_B,2023-12-23,266.3069316048884
PRODUCT_B,2023-12-24,247.10037986186427
PRODUCT_B,2023-12-25,267.61083619493985
PRODUCT_B,2023-12-26,165.77439539837437
PRODUCT_B,2023-12-27,142.72346544299765
PRODUCT_B,2023-12-28,169.753847059699
PRODUCT_B,2023-12-29,169.51899872577474
PRODUCT_B,2023-12-30,183.54211288353912
PRODUCT_B,2023-12-31,183.55496958451664
PRODUCT_C,2022-01-01,148.8923521281298
PRODUCT_C,2022-01-02,140.15074442518576
PRODUCT_C,2022-01-03,148.2180745727132
PRODUCT_C,2022-01-04,143.03122731282767
PRODUCT_C,2022-01-05,145.13633366356495
PRODUCT_C,2022-01-06,154.4342788128683
PRODUCT_C,2022-01-07,163.03001792781538
PRODUCT_C,2022-01-08,152.77328444708866
PRODUCT_C,2022-01-09,139.99397802772404
PRODUCT_C,2022-01-10,153.0629941852673
PRODUCT_C,2022-01-11,159.02435504817205
PRODUCT_C,2022-01-12,144.51817023595248
PRODUCT_C,2022-01-13,148.26942645262488
PRODUCT_C,2022-01-14,149.40419965934248
PRODUCT_C,2022-01-15,142.95263791235166
PRODUCT_C,2022-01-16,154.36319820326116
PRODUCT_C,2022-01-17,148.15449985914873
PRODUCT_C,2022-01-18,152.42347491476787
PRODUCT_C,2022-01-19,141.91240825659554
PRODUCT_C,2022-01-20,145.45780959192575
PRODUCT_C,2022-01-21,154.68165717263588
PRODUCT_C,2022-01-22,145.86507140878027
PRODUCT_C,2022-01-23,162.60857775088232
PRODUCT_C,2022-01-24,145.54090777159894
PRODUCT_C,2022-01-25,150.48060537803156
PRODUCT_C,2022-01-26,156.08898454250186
PRODUCT_C,2022-01-27,137.22646233955356
PRODUCT_C,2022-01-28,134.4320480226723
PRODUCT_C,2022-01-29,136.25839831745844
PRODUCT_C,2022-01-30,158.50945197693736
PRODUCT_C,2022-01-31,109.1133507211594
PRODUCT_C,2022-02-01,168.76463406586728
PRODUCT_C,2022-02-02,143.73018930676284
PRODUCT_C,2022-02-03,149.6657108370989
PRODUCT_C,2022-02-04,160.47131034756634
PRODUCT_C,2022-02-05,164.128304147797
PRODUCT_C,2022-02-06,164.51671997111586
PRODUCT_C,2022-02-07,157.63675151827053
PRODUCT_C,2022-02-08,156.10745219551777
PRODUCT_C,2022-02-09,152.6002978981362
PRODUCT_C,2022-02-10,154.03210122936053
PRODUCT_C,2022-02-11,108.34041317394127
PRODUCT_C,2022-02-12,141.14988218365033
PRODUCT_C,2022-02-13,147.61360790724189
PRODUCT_C,2022-02-14,146.22425690183076
PRODUCT_C,2022-02-15,143.90503980291265
PRODUCT_C,2022-02-16,153.04709409268526
PRODUCT_C,2022-02-17,155.06356649709633
PRODUCT_C,2022-02-18,148.0735102343677
PRODUCT_C,2022-02-19,159.1316261079757
PRODUCT_C,2022-02-20,138.12300286196626
PRODUCT_C,2022-02-21,145.65237041629723
PRODUCT_C,2022-02-22,141.4121978412132
PRODUCT_C,2022-02-23,132.1596137849519
PRODUCT_C,2022-02-24,146.37559155029544
PRODUCT_C,2022-02-25,146.00818728547145
PRODUCT_C,2022-02-26,159.03489561397546
PRODUCT_C,2022-02-27,151.91892145997733
PRODUCT_C,2022-02-28,138.62406370440613
PRODUCT_C,2022-03-01,126.44049288919572
PRODUCT_C,2022-03-02,156.47608849424398
PRODUCT_C,2022-03-03,151.30973087329076
PRODUCT_C,2022-03-04,144.78620677024387
PRODUCT_C,2022-03-05,138.86769598275538
PRODUCT_C,2022-03-06,143.51068598347547
PRODUCT_C,2022-03-07,155.14345946517807
PRODUCT_C,2022-03-08,161.45529127052214
PRODUCT_C,2022-03-09,158.66967936472346
PRODUCT_C,2022-03-10,142.35806607975644
PRODUCT_C,2022-03-11,137.25705230323524
PRODUCT_C,2022-03-12,147.28621206033765
PRODUCT_C,2022-03-13,131.95673747604587
PRODUCT_C,2022-03-14,148.63472442952764
PRODUCT_C,2022-03-15,144.81369234116073
PRODUCT_C,2022-03-16,142.2113513321048
PRODUCT_C,2022-03-17,133.1271491244171
PRODUCT_C,2022-03-18,149.93870483060985
PRODUCT_C,2022-03-19,141.51342757625753
PRODUCT_C,2022-03-20,136.36082992337117
PRODUCT_C,2022-03-21,122.687197218301
PRODUCT_C,2022-03-22,145.39030599964977
PRODUCT_C,2022-03-23,159.7335683289135
PRODUCT_C,2022-03-24,158.7907595874392
PRODUCT_C,2022-03-25,141.78904613386675
PRODUCT_C,2022-03-26,140.57325001916337
PRODUCT_C,2022-03-27,149.0862708661585
PRODUCT_C,2022-03-28,137.29412361955266
PRODUCT_C,2022-03-29,147.6406726471154
PRODUCT_C,2022-03-30,151.3001099911379
PRODUCT_C,2022-03-31,154.93206387063552
PRODUCT_C,2022-04-01,144.2604957832221
PRODUCT_C,2022-04-02,143.3774687091467
PRODUCT_C,2022-04-03,137.9281283320106
PRODUCT_C,2022-04-04,138.2820765092449
PRODUCT_C,2022-04-05,143.03041852185228
PRODUCT_C,2022-04-06,147.72630402709459
PRODUCT_C,2022-04-07,152.04118729793183
PRODUCT_C,2022-04-08,138.25220899812376
PRODUCT_C,2022-04-09,156.5642794707434
PRODUCT_C,2022-04-10,142.39891242622735
PRODUCT_C,2022-04-11,144.34209319528108
PRODUCT_C,2022-04-12,138.4804684323867
PRODUCT_C,2022-04-13,125.00937009888642
PRODUCT_C,2022-04-14,151.42078566745903
PRODUCT_C,2022-04-15,150.18830398881082
PRODUCT_C,2022-04-16,141.9880626706263
PRODUCT_C,2022-04-17,144.71973918087167
PRODUCT_C,2022-04-18,148.25645750020618
PRODUCT_C,2022-04-19,131.57370721898172
PRODUCT_C,2022-04-20,139.78678297080438
PRODUCT_C,2022-04-21,150.31845214205006
PRODUCT_C,2022-04-22,133.87514963522213
PRODUCT_C,2022-04-23,146.20305879340984
PRODUCT_C,2022-04-24,132.94707121459024
PRODUCT_C,2022-04-25,147.47629582654642
PRODUCT_C,2022-04-26,143.40485442419902
PRODUCT_C,2022-04-27,130.71406207083547
PRODUCT_C,2022-04-28,152.89816174923763
PRODUCT_C,2022-04-29,137.64864461469654
PRODUCT_C,2022-04-30,136.98848804846656
PRODUCT_C,2022-05-01,145.02019143792987
PRODUCT_C,2022-05-02,152.5498669710127
PRODUCT_C,2022-05-03,135.1793239392565
PRODUCT_C,2022-05-04,143.74446760536816
PRODUCT_C,2022-05-05,146.62669112472963
PRODUCT_C,2022-05-06,148.6861342956909
PRODUCT_C,2022-05-07,144.49795219530424
PRODUCT_C,2022-05-08,140.09532735592052
PRODUCT_C,2022-05-09,136.35595861889803
PRODUCT_C,2022-05-10,143.6109617639595
PRODUCT_C,2022-05-11,134.28982891920433
PRODUCT_C,2022-05-12,119.441267462633
PRODUCT_C,2022-05-13,146.24968007935186
PRODUCT_C,2022-05-14,149.93381069028078
PRODUCT_C,2022-05-15,123.7440027927572
PRODUCT_C,2022-05-16,134.51474695491308
PRODUCT_C,2022-05-17,147.49095699613486
PRODUCT_C,2022-05-18,158.94281698128756
PRODUCT_C,2022-05-19,142.5943332004979
PRODUCT_C,2022-05-20,136.54909032476226
PRODUCT_C,2022-05-21,140.8550726412573
PRODUCT_C,2022-05-22,153.26238583878217
PRODUCT_C,2022-05-23,137.0407913681011
PRODUCT_C,2022-05-24,135.76009906339604
PRODUCT_C,2022-05-25,138.2368172546425
PRODUCT_C,2022-05-26,134.41726688152977
PRODUCT_C,2022-05-27,142.9703885910585
PRODUCT_C,2022-05-28,154.9315840463573
PRODUCT_C,2022-05-29,144.46392087902973
PRODUCT_C,2022-05-30,139.8055889925919
PRODUCT_C,2022-05-31,139.43505717377852
PRODUCT_C,2022-06-01,129.2091511710303
PRODUCT_C,2022-06-02,148.72468617328153
PRODUCT_C,2022-06-03,140.98224069550253
PRODUCT_C,2022-06-04,140.1062292783806
PRODUCT_C,2022-06-05,167.04005944536522
PRODUCT_C,2022-06-06,143.83035248503248
PRODUCT_C,2022-06-07,135.3711311328462
PRODUCT_C,2022-06-08,137.91972907946402
PRODUCT_C,2022-06-09,113.54594057874056
PRODUCT_C,2022-06-10,142.12701376441186
PRODUCT_C,2022-06-11,129.6597569690715
PRODUCT_C,2022-06-12,148.46494258771276
PRODUCT_C,2022-06-13,135.71108874229984
PRODUCT_C,2022-06-14,155.98775395185285
PRODUCT_C,2022-06-15,149.58688658333037
PRODUCT_C,2022-06-16,137.31305720784385
PRODUCT_C,2022-06-17,151.08489358249545
PRODUCT_C,2022-06-18,141.32473708833447
PRODUCT_C,2022-06-19,147.54921272059366
PRODUCT_C,2022-06-20,144.5500161734724
PRODUCT_C,2022-06-21,133.8464307106903
PRODUCT_C,2022-06-22,135.41401560757828
PRODUCT_C,2022-06-23,148.74723112226795
PRODUCT_C,2022-06-24,137.77447224026702
PRODUCT_C,2022-06-25,137.16861750668406
PRODUCT_C,2022-06-26,132.70195489332588
PRODUCT_C,2022-06-27,143.6768583683691
PRODUCT_C,2022-06-28,156.73339551306725
PRODUCT_C,2022-06-29,131.6380631605886
PRODUCT_C,2022-06-30,140.31721244350553
PRODUCT_C,2022-07-01,151.3663515489476
PRODUCT_C,2022-07-02,139.3765862911591
PRODUCT_C,2022-07-03,143.57782210662336
PRODUCT_C,2022-07-04,131.40482982695116
PRODUCT_C,2022-07-05,143.27556514528808
PRODUCT_C,2022-07-06,138.29708456309118
PRODUCT_C,2022-07-07,147.62520896406716
PRODUCT_C,2022-07-08,149.18358772664695
PRODUCT_C,2022-07-09,160.34613876577853
PRODUCT_C,2022-07-10,144.21182533083893
PRODUCT_C,2022-07-11,142.12626079328834
PRODUCT_C,2022-07-12,141.02009498875037
PRODUCT_C,2022-07-13,136.58482054914688
PRODUCT_C,2022-07-14,142.0631519548266
PRODUCT_C,2022-07-15,136.9372002415215
PRODUCT_C,2022-07-16,140.59322964829136
PRODUCT_C,2022-07-17,149.7314524384988
PRODUCT_C,2022-07-18,131.08346194689867
PRODUCT_C,2022-07-19,148.19996127366886
PRODUCT_C,2022-07-20,102.96060375987082
PRODUCT_C,2022-07-21,138.02664519970924
PRODUCT_C,2022-07-22,121.9414845390698
PRODUCT_C,2022-07-23,133.99887814988378
PRODUCT_C,2022-07-24,149.1825407346288
PRODUCT_C,2022-07-25,138.56877017924953
PRODUCT_C,2022-07-26,130.702427134782
PRODUCT_C,2022-07-27,134.60377593881623
PRODUCT_C,2022-07-28,145.31206583617907
PRODUCT_C,2022-07-29,142.9061044852544
PRODUCT_C,2022-07-30,136.56590946178648
PRODUCT_C,2022-07-31,135.48790127612722
PRODUCT_C,2022-08-01,135.23356169379485
PRODUCT_C,2022-08-02,130.93347572565807
PRODUCT_C,2022-08-03,151.1808930329023
PRODUCT_C,2022-08-04,135.62445407895675
PRODUCT_C,2022-08-05,147.88541631475212
PRODUCT_C,2022-08-06,150.26380687902844
PRODUCT_C,2022-08-07,146.02489596433318
PRODUCT_C,2022-08-08,134.53057659290582
PRODUCT_C,2022-08-09,141.15851013284376
PRODUCT_C,2022-08-10,137.68023487452425
PRODUCT_C,2022-08-11,130.58931515531125
PRODUCT_C,2022-08-12,140.35893461042576
PRODUCT_C,2022-08-13,128.2768723428752
PRODUCT_C,2022-08-14,147.15575609534685
PRODUCT_C,2022-08-15,133.88251292476787
PRODUCT_C,2022-08-16,139.1538588656384
PRODUCT_C,2022-08-17,139.75601490652554
PRODUCT_C,2022-08-18,135.36360246002445
PRODUCT_C,2022-08-19,142.07352297695994
PRODUCT_C,2022-08-20,133.52587362767827
PRODUCT_C,2022-08-21,144.24061157581707
PRODUCT_C,2022-08-22,126.44752606968581
PRODUCT_C,2022-08-23,138.1715304635318
PRODUCT_C,2022-08-24,152.61705613512746
PRODUCT_C,2022-08-25,129.04810386131726
PRODUCT_C,2022-08-26,131.57392500946372
PRODUCT_C,2022-08-27,141.05227788643455
PRODUCT_C,2022-08-28,138.3227996601807
PRODUCT_C,2022-08-29,139.63631651435307
PRODUCT_C,2022-08-30,140.6899030768466
PRODUCT_C,2022-08-31,141.79930809966015
PRODUCT_C,2022-09-01,145.54426540231646
PRODUCT_C,2022-09-02,139.89034623759545
PRODUCT_C,2022-09-03,134.6268660607197
PRODUCT_C,2022-09-04,141.88264722279058
PRODUCT_C,2022-09-05,151.64624340783115
PRODUCT_C,2022-09-06,135.3312482731095
PRODUCT_C,2022-09-07,128.54121412230563
PRODUCT_C,2022-09-08,107.78705071603501
PRODUCT_C,2022-09-09,135.26465987904336
PRODUCT_C,2022-09-10,118.79148313806054
PRODUCT_C,2022-09-11,142.89734323887689
PRODUCT_C,2022-09-12,131.78047464954284
PRODUCT_C,2022-09-13,135.2839641942416
PRODUCT_C,2022-09-14,138.60920341272768
PRODUCT_C,2022-09-15,137.4224885219088
PRODUCT_C,2022-09-16,141.51923593628928
PRODUCT_C,2022-09-17,132.30486075011888
PRODUCT_C,2022-09-18,139.83872841558698
PRODUCT_C,2022-09-19,133.60263892500768
PRODUCT_C,2022-09-20,141.5346265082797
PRODUCT_C,2022-09-21,140.49221284878482
PRODUCT_C,2022-09-22,128.0308936758243
PRODUCT_C,2022-09-23,144.147390537082
PRODUCT_C,2022-09-24,131.11695636227006
PRODUCT_C,2022-09-25,141.81425662493228
PRODUCT_C,2022-09-26,138.23322306139454
PRODUCT_C,2022-09-27,149.9455242840455
PRODUCT_C,2022-09-28,133.39745732621037
PRODUCT_C,2022-09-29,132.33578113174028
PRODUCT_C,2022-09-30,134.92008896908467
PRODUCT_C,2022-10-01,132.59513786901306
PRODUCT_C,2022-10-02,141.36524166272432
PRODUCT_C,2022-10-03,121.9803518951959
PRODUCT_C,2022-10-04,126.42650772501848
PRODUCT_C,2022-10-05,126.25867402105644
PRODUCT_C,2022-10-06,142.34868844497927
PRODUCT_C,2022-10-07,148.37626500534677
PRODUCT_C,2022-10-08,133.80089459189227
PRODUCT_C,2022-10-09,133.23104487017264
PRODUCT_C,2022-10-10,135.08716627609888
PRODUCT_C,2022-10-11,143.76690570755963
PRODUCT_C,2022-10-12,126.9981845286702
PRODUCT_C,2022-10-13,136.26909177957376
PRODUCT_C,2022-10-14,142.1088512714556
PRODUCT_C,2022-10-15,138.2611539082156
PRODUCT_C,2022-10-16,135.71418379698747
PRODUCT_C,2022-10-17,142.15102992023535
PRODUCT_C,2022-10-18,112.461933151205
PRODUCT_C,2022-10-19,139.45592436694685
PRODUCT_C,2022-10-20,128.7454466611809
PRODUCT_C,2022-10-21,119.2781192668493
PRODUCT_C,2022-10-22,137.9579335534015
PRODUCT_C,2022-10-23,144.802711434006
PRODUCT_C,2022-10-24,132.65898527118148
PRODUCT_C,2022-10-25,141.3267000813272
PRODUCT_C,2022-10-26,146.54706008311356
PRODUCT_C,2022-10-27,144.11327996337747
PRODUCT_C,2022-10-28,146.6588108851769
PRODUCT_C,2022-10-29,139.42124489428159
PRODUCT_C,2022-10-30,134.03282439241988
PRODUCT_C,2022-10-31,120.55875910153047
PRODUCT_C,2022-11-01,131.35111600716894
PRODUCT_C,2022-11-02,126.51877346517966
PRODUCT_C,2022-11-03,150.57741828319237
PRODUCT_C,2022-11-04,131.74792035925188
PRODUCT_C,2022-11-05,134.08577562848714
PRODUCT_C,2022-11-06,137.45715049803567
PRODUCT_C,2022-11-07,133.33921737619224
PRODUCT_C,2022-11-08,146.49593644415933
PRODUCT_C,2022-11-09,127.89946354233838
PRODUCT_C,2022-11-10,134.3826483936126
PRODUCT_C,2022-11-11,126.831154381631
PRODUCT_C,2022-11-12,122.1558692929504
PRODUCT_C,2022-11-13,127.76702697097444
PRODUCT_C,2022-11-14,132.31001563733014
PRODUCT_C,2022-11-15,129.11702253308002
PRODUCT_C,2022-11-16,126.95720280572795
PRODUCT_C,2022-11-17,121.1911612508448
PRODUCT_C,2022-11-18,131.7219866946906
PRODUCT_C,2022-11-19,120.29419859897283
PRODUCT_C,2022-11-20,138.35753961623834
PRODUCT_C,2022-11-21,132.88174024569827
PRODUCT_C,2022-11-22,120.50694054200346
PRODUCT_C,2022-11-23,129.63881023682467
PRODUCT_C,2022-11-24,126.04036192399963
PRODUCT_C,2022-11-25,96.49924568738444
PRODUCT_C,2022-11-26,142.6714773679108
PRODUCT_C,2022-11-27,116.8916243580604
PRODUCT_C,2022-11-28,132.75834306390635
PRODUCT_C,2022-11-29,130.5022023816946
PRODUCT_C,2022-11-30,137.09911567333214
PRODUCT_C,2022-12-01,133.3790984031306
PRODUCT_C,2022-12-02,125.60290103881921
PRODUCT_C,2022-12-03,129.01135452289753
PRODUCT_C,2022-12-04,125.14070946930323
PRODUCT_C,2022-12-05,140.0621037480206
PRODUCT_C,2022-12-06,131.56967014410807
PRODUCT_C,2022-12-07,146.55383275625726
PRODUCT_C,2022-12-08,130.8041510752169
PRODUCT_C,2022-12-09,125.56731376595089
PRODUCT_C,2022-12-10,119.06998307583264
PRODUCT_C,2022-12-11,116.69971112218838
PRODUCT_C,2022-12-12,118.39687130369269
PRODUCT_C,2022-12-13,133.1521023713292
PRODUCT_C,2022-12-14,135.03001966457748
PRODUCT_C,2022-12-15,118.25582417798161
PRODUCT_C,2022-12-16,138.0107866223483
PRODUCT_C,2022-12-17,126.93112201177254
PRODUCT_C,2022-12-18,131.91508483662514
PRODUCT_C,2022-12-19,143.58363608228484
PRODUCT_C,2022-12-20,137.80571589866636
PRODUCT_C,2022-12-21,128.42788650399612
PRODUCT_C,2022-12-22,91.17428267822137
PRODUCT_C,2022-12-23,113.25186910760974
PRODUCT_C,2022-12-24,124.6582960798055
PRODUCT_C,2022-12-25,128.66761103862396
PRODUCT_C,2022-12-26,122.40434704753676
PRODUCT_C,2022-12-27,129.19685784350847
PRODUCT_C,2022-12-28,130.80685895941772
PRODUCT_C,2022-12-29,128.33832635678365
PRODUCT_C,2022-12-30,124.8822838801613
PRODUCT_C,2022-12-31,131.37667221798347
PRODUCT_C,2023-01-01,133.50809035430564
PRODUCT_C,2023-01-02,121.19450285370826
PRODUCT_C,2023-01-03,141.15028482672187
PRODUCT_C,2023-01-04,129.0192510459783
PRODUCT_C,2023-01-05,129.90388340331188
PRODUCT_C,2023-01-06,135.36393212130622
PRODUCT_C,2023-01-07,131.50907610086247
PRODUCT_C,2023-01-08,137.21357043756112
PRODUCT_C,2023-01-09,131.83060100337042
PRODUCT_C,2023-01-10,124.57923900013303
PRODUCT_C,2023-01-11,132.315896514406
PRODUCT_C,2023-01-12,120.2191889696926
PRODUCT_C,2023-01-13,130.1826065899708
PRODUCT_C,2023-01-14,128.99341933410358
PRODUCT_C,2023-01-15,127.53945471657963
PRODUCT_C,2023-01-16,128.12121979874917
PRODUCT_C,2023-01-17,114.03985784178022
PRODUCT_C,2023-01-18,124.64998125933431
PRODUCT_C,2023-01-19,129.72767004589159
PRODUCT_C,2023-01-20,130.2088922882426
PRODUCT_C,2023-01-21,120.6537703403564
PRODUCT_C,2023-01-22,138.94596451018234
PRODUCT_C,2023-01-23,121.83603331304944
PRODUCT_C,2023-01-24,136.46622001848002
PRODUCT_C,2023-01-25,132.07324762474028
PRODUCT_C,2023-01-26,123.43100456651705
PRODUCT_C,2023-01-27,142.74844050164427
PRODUCT_C,2023-01-28,118.94198902221702
PRODUCT_C,2023-01-29,89.68895137865532
PRODUCT_C,2023-01-30,136.38600285161408
PRODUCT_C,2023-01-31,122.96151295015775
PRODUCT_C,2023-02-01,139.41132733878624
PRODUCT_C,2023-02-02,126.21636313698068
PRODUCT_C,2023-02-03,130.47141460351185
PRODUCT_C,2023-02-04,130.1895705949434
PRODUCT_C,2023-02-05,126.97765626850997
PRODUCT_C,2023-02-06,134.4837227010533
PRODUCT_C,2023-02-07,134.2902965956934
PRODUCT_C,2023-02-08,113.89926136087095
PRODUCT_C,2023-02-09,138.2673694053023
PRODUCT_C,2023-02-10,114.47784187349238
PRODUCT_C,2023-02-11,135.98327772801173
PRODUCT_C,2023-02-12,136.68167950339983
PRODUCT_C,2023-02-13,118.88543728255824
PRODUCT_C,2023-02-14,124.27178473614384
PRODUCT_C,2023-02-15,118.65779200739372
PRODUCT_C,2023-02-16,125.729191428472
PRODUCT_C,2023-02-17,124.92941571279665
PRODUCT_C,2023-02-18,133.576104559938
PRODUCT_C,2023-02-19,137.76642058624083
PRODUCT_C,2023-02-20,138.3945514191043
PRODUCT_C,2023-02-21,122.67686703565892
PRODUCT_C,2023-02-22,125.44556657382978
PRODUCT_C,2023-02-23,113.59696634151909
PRODUCT_C,2023-02-24,120.56264166281787
PRODUCT_C,2023-02-25,134.67354557506772
PRODUCT_C,2023-02-26,139.8245254141746
PRODUCT_C,2023-02-27,116.97020216625006
PRODUCT_C,2023-02-28,122.05040938356697
PRODUCT_C,2023-03-01,126.5240077166194
PRODUCT_C,2023-03-02,128.92167335834836
PRODUCT_C,2023-03-03,120.14868624391902
PRODUCT_C,2023-03-04,129.96313307450558
PRODUCT_C,2023-03-05,122.72506025772623
PRODUCT_C,2023-03-06,126.34528718276802
PRODUCT_C,2023-03-07,130.77630964932453
PRODUCT_C,2023-03-08,126.40254413928312
PRODUCT_C,2023-03-09,122.80520917208375
PRODUCT_C,2023-03-10,125.36454818039033
PRODUCT_C,2023-03-11,125.47965325365499
PRODUCT_C,2023-03-12,123.17159900374133
PRODUCT_C,2023-03-13,124.00644905696223
PRODUCT_C,2023-03-14,138.81112523783744
PRODUCT_C,2023-03-15,130.45443377283033
PRODUCT_C,2023-03-16,123.54836596056782
PRODUCT_C,2023-03-17,131.43297405638765
PRODUCT_C,2023-03-18,123.13191321775439
PRODUCT_C,2023-03-19,135.1325965519963
PRODUCT_C,2023-03-20,128.64986730438858
PRODUCT_C,2023-03-21,124.77944293027069
PRODUCT_C,2023-03-22,129.16472580428743
PRODUCT_C,2023-03-23,112.9611114967579
PRODUCT_C,2023-03-24,116.45911127752814
PRODUCT_C,2023-03-25,115.86698129311483
PRODUCT_C,2023-03-26,126.50705641791761
PRODUCT_C,2023-03-27,139.16876197118938
PRODUCT_C,2023-03-28,143.1041734603504
PRODUCT_C,2023-03-29,130.30331141783608
PRODUCT_C,2023-03-30,129.15078872136635
PRODUCT_C,2023-03-31,110.68070136408947
PRODUCT_C,2023-04-01,120.6929031549399
PRODUCT_C,2023-04-02,118.67715385304683
PRODUCT_C,2023-04-03,119.95777339780452
PRODUCT_C,2023-04-04,83.00295835295788
PRODUCT_C,2023-04-05,121.03809019323779
PRODUCT_C,2023-04-06,108.9255466473092
PRODUCT_C,2023-04-07,130.68835749475647
PRODUCT_C,2023-04-08,116.06826155539842
PRODUCT_C,2023-04-09,126.50931098970676
PRODUCT_C,2023-04-10,141.13312775031804
PRODUCT_C,2023-04-11,117.13051997512754
PRODUCT_C,2023-04-12,104.18842684134898
PRODUCT_C,2023-04-13,122.08782356377942
PRODUCT_C,2023-04-14,133.12866473430955
PRODUCT_C,2023-04-15,139.93289760358644
PRODUCT_C,2023-04-16,114.37485152970302
PRODUCT_C,2023-04-17,128.12997238671522
PRODUCT_C,2023-04-18,120.3790252620833
PRODUCT_C,2023-04-19,123.19905239739133
PRODUCT_C,2023-04-20,145.14651632346138
PRODUCT_C,2023-04-21,111.91313723566455
PRODUCT_C,2023-04-22,125.91194747028307
PRODUCT_C,2023-04-23,127.56870586795063
PRODUCT_C,2023-04-24,132.45858140884263
PRODUCT_C,2023-04-25,124.5012863525957
PRODUCT_C,2023-04-26,126.12695575636204
PRODUCT_C,2023-04-27,120.47449321645557
PRODUCT_C,2023-04-28,125.70582760129145
PRODUCT_C,2023-04-29,120.752404182852
PRODUCT_C,2023-04-30,128.41564782118036
PRODUCT_C,2023-05-01,120.43132032948358
PRODUCT_C,2023-05-02,126.35013648455083
PRODUCT_C,2023-05-03,123.0443611393542
PRODUCT_C,2023-05-04,132.23199597051206
PRODUCT_C,2023-05-05,122.7575744911275
PRODUCT_C,2023-05-06,108.92959484968102
PRODUCT_C,2023-05-07,133.1543569165487
PRODUCT_C,2023-05-08,115.7582568194365
PRODUCT_C,2023-05-09,117.71911483264758
PRODUCT_C,2023-05-10,118.12908550499088
PRODUCT_C,2023-05-11,133.83501091820605
PRODUCT_C,2023-05-12,105.69924277651063
PRODUCT_C,2023-05-13,147.83175507312083
PRODUCT_C,2023-05-14,131.12335159186998
PRODUCT_C,2023-05-15,124.40593874787554
PRODUCT_C,2023-05-16,122.12600574541264
PRODUCT_C,2023-05-17,124.79472066470488
PRODUCT_C,2023-05-18,126.62439780837903
PRODUCT_C,2023-05-19,127.56227338444545
PRODUCT_C,2023-05-20,126.79051474037327
PRODUCT_C,2023-05-21,123.00745477788836
PRODUCT_C,2023-05-22,120.65723228088844
PRODUCT_C,2023-05-23,120.97088368961964
PRODUCT_C,2023-05-24,120.56693403152697
PRODUCT_C,2023-05-25,131.14149136478562
PRODUCT_C,2023-05-26,126.76491468359669
PRODUCT_C,2023-05-27,98.43848214353623
PRODUCT_C,2023-05-28,127.15392774858925
PRODUCT_C,2023-05-29,123.40974140960205
PRODUCT_C,2023-05-30,121.64731211578535
PRODUCT_C,2023-05-31,118.63396485814215
PRODUCT_C,2023-06-01,130.680144558242
PRODUCT_C,2023-06-02,129.21258481083746
PRODUCT_C,2023-06-03,77.80395778780583
PRODUCT_C,2023-06-04,124.77905204185225
PRODUCT_C,2023-06-05,113.69451018402637
PRODUCT_C,2023-06-06,110.37594905754591
PRODUCT_C,2023-06-07,116.3442868946383
PRODUCT_C,2023-06-08,128.20230278592078
PRODUCT_C,2023-06-09,128.87328568536807
PRODUCT_C,2023-06-10,125.29809899863842
PRODUCT_C,2023-06-11,126.93931224814474
PRODUCT_C,2023-06-12,125.21310256578111
PRODUCT_C,2023-06-13,115.89695382257852
PRODUCT_C,2023-06-14,124.42931725725434
PRODUCT_C,2023-06-15,127.32234341718497
PRODUCT_C,2023-06-16,126.8985281693728
PRODUCT_C,2023-06-17,130.32063481816203
PRODUCT_C,2023-06-18,126.42088893947408
PRODUCT_C,2023-06-19,123.51117413769893
PRODUCT_C,2023-06-20,129.20592069939835
PRODUCT_C,2023-06-21,120.37767903437515
PRODUCT_C,2023-06-22,113.47998221404657
PRODUCT_C,2023-06-23,87.34014380182535
PRODUCT_C,2023-06-24,76.0421539866569
PRODUCT_C,2023-06-25,114.96894417057531
PRODUCT_C,2023-06-26,119.15935132014691
PRODUCT_C,2023-06-27,113.92127163337204
PRODUCT_C,2023-06-28,117.7420690797601
PRODUCT_C,2023-06-29,105.00197429674283
PRODUCT_C,2023-06-30,121.8023716068573
PRODUCT_C,2023-07-01,120.05079606627228
PRODUCT_C,2023-07-02,113.44957353032964
PRODUCT_C,2023-07-03,125.20537824183509
PRODUCT_C,2023-07-04,127.37710431088901
PRODUCT_C,2023-07-05,106.96119461042544
PRODUCT_C,2023-07-06,113.6650056123482
PRODUCT_C,2023-07-07,113.55879535808022
PRODUCT_C,2023-07-08,112.13783966300838
PRODUCT_C,2023-07-09,126.23799352283396
PRODUCT_C,2023-07-10,117.99671599269823
PRODUCT_C,2023-07-11,117.37633668789647
PRODUCT_C,2023-07-12,103.406686818628
PRODUCT_C,2023-07-13,124.46606029105654
PRODUCT_C,2023-07-14,109.41377920605562
PRODUCT_C,2023-07-15,119.75243772251471
PRODUCT_C,2023-07-16,121.4371224995503
PRODUCT_C,2023-07-17,130.04850607809468
PRODUCT_C,2023-07-18,108.63780443393325
PRODUCT_C,2023-07-19,94.89740069582022
PRODUCT_C,2023-07-20,120.46942461591708
PRODUCT_C,2023-07-21,133.34784802547503
PRODUCT_C,2023-07-22,128.80045971240438
PRODUCT_C,2023-07-23,120.51129452658658
PRODUCT_C,2023-07-24,114.84606003483388
PRODUCT_C,2023-07-25,125.18126060848942
PRODUCT_C,2023-07-26,110.88104055325589
PRODUCT_C,2023-07-27,122.42540262124209
PRODUCT_C,2023-07-28,122.60343205522602
PRODUCT_C,2023-07-29,126.98648035738474
PRODUCT_C,2023-07-30,140.527211724183
PRODUCT_C,2023-07-31,121.5343894658252
PRODUCT_C,2023-08-01,114.26848303823576
PRODUCT_C,2023-08-02,118.08072786186048
PRODUCT_C,2023-08-03,104.07784543578418
PRODUCT_C,2023-08-04,112.61787794168534
PRODUCT_C,2023-08-05,114.84645380099366
PRODUCT_C,2023-08-06,113.87313643792244
PRODUCT_C,2023-08-07,119.22981291316964
PRODUCT_C,2023-08-08,111.37674479334295
PRODUCT_C,2023-08-09,126.86947990649702
PRODUCT_C,2023-08-10,117.84802140274749
PRODUCT_C,2023-08-11,117.7170926297937
PRODUCT_C,2023-08-12,115.11346778229996
PRODUCT_C,2023-08-13,118.92328130077581
PRODUCT_C,2023-08-14,124.22767226274574
PRODUCT_C,2023-08-15,110.63497473521815
PRODUCT_C,2023-08-16,112.25221486380399
PRODUCT_C,2023-08-17,115.0324688616934
PRODUCT_C,2023-08-18,106.6404400196217
PRODUCT_C,2023-08-19,110.79847484513611
PRODUCT_C,2023-08-20,113.4879010500515
PRODUCT_C,2023-08-21,124.23791179961128
PRODUCT_C,2023-08-22,119.28841930142555
PRODUCT_C,2023-08-23,118.68177827585119
PRODUCT_C,2023-08-24,123.8853729977553
PRODUCT_C,2023-08-25,115.92434530871704
PRODUCT_C,2023-08-26,120.09216873084401
PRODUCT_C,2023-08-27,116.08780622345361
PRODUCT_C,2023-08-28,118.9816093576113
PRODUCT_C,2023-08-29,112.1417716170223
PRODUCT_C,2023-08-30,97.23843392720421
PRODUCT_C,2023-08-31,115.6198682114259
PRODUCT_C,2023-09-01,128.02121691321653
PRODUCT_C,2023-09-02,123.99408535785042
PRODUCT_C,2023-09-03,124.25267233214775
PRODUCT_C,2023-09-04,126.36366854536881
PRODUCT_C,2023-09-05,117.12901381411125
PRODUCT_C,2023-09-06,117.9434090611652
PRODUCT_C,2023-09-07,111.36879855394633
PRODUCT_C,2023-09-08,113.7265611847054
PRODUCT_C,2023-09-09,121.12644354659163
PRODUCT_C,2023-09-10,125.77648016127372
PRODUCT_C,2023-09-11,114.97496477397587
PRODUCT_C,2023-09-12,112.43415117611326
PRODUCT_C,2023-09-13,115.98501928127803
PRODUCT_C,2023-09-14,120.73557991735885
PRODUCT_C,2023-09-15,104.32021771235829
PRODUCT_C,2023-09-16,65.25492927621598
PRODUCT_C,2023-09-17,111.35702207649531
PRODUCT_C,2023-09-18,105.94074778061541
PRODUCT_C,2023-09-19,111.58645592225088
PRODUCT_C,2023-09-20,114.41446526839027
PRODUCT_C,2023-09-21,111.91585086224661
PRODUCT_C,2023-09-22,127.10670872569739
PRODUCT_C,2023-09-23,118.04605688225067
PRODUCT_C,2023-09-24,117.7810239578194
PRODUCT_C,2023-09-25,120.30001654878069
PRODUCT_C,2023-09-26,106.156824769688
PRODUCT_C,2023-09-27,123.52551432679698
PRODUCT_C,2023-09-28,114.55163605065185
PRODUCT_C,2023-09-29,120.46672559636592
PRODUCT_C,2023-09-30,106.47315310961565
PRODUCT_C,2023-10-01,102.56307116130907
PRODUCT_C,2023-10-02,121.48138886913851
PRODUCT_C,2023-10-03,117.89467812921909
PRODUCT_C,2023-10-04,107.61211980107956
PRODUCT_C,2023-10-05,107.81635790124278
PRODUCT_C,2023-10-06,123.72227114225917
PRODUCT_C,2023-10-07,105.14862803950307
PRODUCT_C,2023-10-08,127.75043712399011
PRODUCT_C,2023-10-09,107.34921793626012
PRODUCT_C,2023-10-10,119.60644953381082
PRODUCT_C,2023-10-11,111.81549663845257
PRODUCT_C,2023-10-12,119.21507420860388
PRODUCT_C,2023-10-13,109.98179305853228
PRODUCT_C,2023-10-14,112.97749214236815
PRODUCT_C,2023-10-15,114.55231910961297
PRODUCT_C,2023-10-16,106.15259637569609
PRODUCT_C,2023-10-17,120.04182110080957
PRODUCT_C,2023-10-18,109.95464812117658
PRODUCT_C,2023-10-19,112.17668764572979
PRODUCT_C,2023-10-20,105.99582228708252
PRODUCT_C,2023-10-21,93.39707832908883
PRODUCT_C,2023-10-22,112.31265581415063
PRODUCT_C,2023-10-23,133.086931603356
PRODUCT_C,2023-10-24,120.00797284913756
PRODUCT_C,2023-10-25,113.5221858235789
PRODUCT_C,2023-10-26,111.51827254328859
PRODUCT_C,2023-10-27,113.7462566349518
PRODUCT_C,2023-10-28,117.88861272935779
PRODUCT_C,2023-10-29,104.01028760098603
PRODUCT_C,2023-10-30,122.31649399630845
PRODUCT_C,2023-10-31,119.07010127798812
PRODUCT_C,2023-11-01,119.03766687562232
PRODUCT_C,2023-11-02,116.74511729593735
PRODUCT_C,2023-11-03,113.33937496251214
PRODUCT_C,2023-11-04,118.51046190419547
PRODUCT_C,2023-11-05,117.80721540189262
PRODUCT_C,2023-11-06,110.18550695993409
PRODUCT_C,2023-11-07,108.37414877978776
PRODUCT_C,2023-11-08,113.72294364055955
PRODUCT_C,2023-11-09,125.24538480592584
PRODUCT_C,2023-11-10,102.88549730423381
PRODUCT_C,2023-11-11,101.00328209894617
PRODUCT_C,2023-11-12,114.00670127035853
PRODUCT_C,2023-11-13,113.04084647081523
PRODUCT_C,2023-11-14,113.96560848643102
PRODUCT_C,2023-11-15,114.47563107023645
PRODUCT_C,2023-11-16,110.6835177653907
PRODUCT_C,2023-11-17,124.33317362678648
PRODUCT_C,2023-11-18,99.55216460565839
PRODUCT_C,2023-11-19,105.67655055072923
PRODUCT_C,2023-11-20,111.4236189832795
PRODUCT_C,2023-11-21,99.04927689073924
PRODUCT_C,2023-11-22,110.73308246001669
PRODUCT_C,2023-11-23,125.37680933679808
PRODUCT_C,2023-11-24,112.19727023284231
PRODUCT_C,2023-11-25,113.82091588772478
PRODUCT_C,2023-11-26,101.83912083609535
PRODUCT_C,2023-11-27,106.93467800866087
PRODUCT_C,2023-11-28,108.80912854588588
PRODUCT_C,2023-11-29,109.21410912992818
PRODUCT_C,2023-11-30,121.95411057950888
PRODUCT_C,2023-12-01,116.10761902078043
PRODUCT_C,2023-12-02,102.69955719498385
PRODUCT_C,2023-12-03,113.50838939343683
PRODUCT_C,2023-12-04,115.46725546945576
PRODUCT_C,2023-12-05,120.54780410515231
PRODUCT_C,2023-12-06,124.01606760502983
PRODUCT_C,2023-12-07,103.19611889336059
PRODUCT_C,2023-12-08,104.77514265380152
PRODUCT_C,2023-12-09,101.14651018766799
PRODUCT_C,2023-12-10,109.28010450162975
PRODUCT_C,2023-12-11,114.82826068555697
PRODUCT_C,2023-12-12,118.94120013819978
PRODUCT_C,2023-12-13,110.38004613184748
PRODUCT_C,2023-12-14,108.3740044504496
PRODUCT_C,2023-12-15,112.09197888997895
PRODUCT_C,2023-12-16,104.14190205444952
PRODUCT_C,2023-12-17,127.48448535654859
PRODUCT_C,2023-12-18,97.85201768154661
PRODUCT_C,2023-12-19,112.13636084515755
PRODUCT_C,2023-12-20,126.79241628332957
PRODUCT_C,2023-12-21,110.60309560147313
PRODUCT_C,2023-12-22,108.97351488048187
PRODUCT_C,2023-12-23,60.70892841358311
PRODUCT_C,2023-12-24,108.94095433739594
PRODUCT_C,2023-12-25,121.31200590440812
PRODUCT_C,2023-12-26,92.57945313186052
PRODUCT_C,2023-12-27,122.48694834836786
PRODUCT_C,2023-12-28,98.77295183389678
PRODUCT_C,2023-12-29,107.97652073512332
PRODUCT_C,2023-12-30,106.62091432211002
PRODUCT_C,2023-12-31,114.70842615816576
STORE_001,2022-01-01,515.182539786193
STORE_001,2022-01-02,622.1816349715375
STORE_001,2022-01-03,588.0381040293876
STORE_001,2022-01-04,528.2675417550766
STORE_001,2022-01-05,445.2403461879362
STORE_001,2022-01-06,392.19644410045714
STORE_001,2022-01-07,434.57656676993076
STORE_001,2022-01-08,527.6488688632659
STORE_001,2022-01-09,587.5975292423119
STORE_001,2022-01-10,597.9584646846176
STORE_001,2022-01-11,546.7223658984794
STORE_001,2022-01-12,449.4215731666316
STORE_001,2022-01-13,419.84548504470814
STORE_001,2022-01-14,415.50276846781287
STORE_001,2022-01-15,546.6250652995573
STORE_001,2022-01-16,617.1348899419274
STORE_001,2022-01-17,611.3918738388485
STORE_001,2022-01-18,526.9101112996598
STORE_001,2022-01-19,458.0862789718158
STORE_001,2022-01-20,401.7147887131961
STORE_001,2022-01-21,400.48675387958394
STORE_001,2022-01-22,546.5759109470437
STORE_001,2022-01-23,595.9221347931924
STORE_001,2022-01-24,588.3492737856427
STORE_001,2022-01-25,528.1886363777901
STORE_001,2022-01-26,467.1294209792999
STORE_001,2022-01-27,379.61826300022864
STORE_001,2022-01-28,431.08497376016544
STORE_001,2022-01-29,545.6677097936519
STORE_001,2022-01-30,616.2408246611893
STORE_001,2022-01-31,608.1822184758789
STORE_001,2022-02-01,554.7815709554266
STORE_001,2022-02-02,442.3702611873578
STORE_001,2022-02-03,424.0282334767828
STORE_001,2022-02-04,414.9157079411947
STORE_001,2022-02-05,529.0041857361504
STORE_001,2022-02-06,603.1935884715385
STORE_001,2022-02-07,604.865923031342
STORE_001,2022-02-08,535.3178152646946
STORE_001,2022-02-09,457.6153619518048
STORE_001,2022-02-10,383.9770515246276
STORE_001,2022-02-11,439.2868298807205
STORE_001,2022-02-12,540.0611141892529
STORE_001,2022-02-13,603.7992518182763
STORE_001,2022-02-14,590.4555557677954
STORE_001,2022-02-15,553.0577976065214
STORE_001,2022-02-16,446.0022253787049
STORE_001,2022-02-17,404.3876885182952
STORE_001,2022-02-18,439.23783356466805
STORE_001,2022-02-19,517.8311432129419
STORE_001,2022-02-20,613.7121606836058
STORE_001,2022-02-21,602.2286702222149
STORE_001,2022-02-22,541.9283216318152
STORE_001,2022-02-23,449.0547823266853
STORE_001,2022-02-24,420.7291646352335
STORE_001,2022-02-25,412.8533222166924
STORE_001,2022-02-26,502.8194164830555
STORE_001,2022-02-27,617.7911521212683
STORE_001,2022-02-28,579.473240971665
STORE_001,2022-03-01,553.7665910845824
STORE_001,2022-03-02,476.63517480589667
STORE_001,2022-03-03,411.95345695779775
STORE_001,2022-03-04,437.8880212815093
STORE_001,2022-03-05,560.3007366039445
STORE_001,2022-03-06,622.684555185937
STORE_001,2022-03-07,602.451392107564
STORE_001,2022-03-08,567.8975966646108
STORE_001,2022-03-09,482.9332592609432
STORE_001,2022-03-10,429.0387855307089
STORE_001,2022-03-11,414.4346990252568
STORE_001,2022-03-12,509.6897246225237
STORE_001,2022-03-13,599.8852654952796
STORE_001,2022-03-14,608.0474154550801
STORE_001,2022-03-15,545.7757580917383
STORE_001,2022-03-16,453.5144113105917
STORE_001,2022-03-17,410.9144297638919
STORE_001,2022-03-18,399.7547755280978
STORE_001,2022-03-19,532.1175394803736
STORE_001,2022-03-20,624.960012919521
STORE_001,2022-03-21,605.7325258865557
STORE_001,2022-03-22,553.765521239262
STORE_001,2022-03-23,480.5722179375328
STORE_001,2022-03-24,401.51505950871274
STORE_001,2022-03-25,412.0204768329422
STORE_001,2022-03-26,547.8427256399754
STORE_001,2022-03-27,625.7499577123122
STORE_001,2022-03-28,605.8671663395194
STORE_001,2022-03-29,540.98280890302
STORE_001,2022-03-30,456.63232085336557
STORE_001,2022-03-31,383.35561449985124
STORE_001,2022-04-01,438.51104970630485
STORE_001,2022-04-02,546.1647696429361
STORE_001,2022-04-03,588.5079069898011
STORE_001,2022-04-04,610.5072724767746
STORE_001,2022-04-05,549.4498987368913
STORE_001,2022-04-06,441.2820144323819
STORE_001,2022-04-07,384.41720576573067
STORE_001,2022-04-08,427.4192507942222
STORE_001,2022-04-09,524.0344382913959
STORE_001,2022-04-10,635.4823810050482
STORE_001,2022-04-11,611.7817671379161
STORE_001,2022-04-12,550.4937709627388
STORE_001,2022-04-13,464.4578111482804
STORE_001,2022-04-14,422.4702164873254
STORE_001,2022-04-15,434.51462312910775
STORE_001,2022-04-16,537.4964965774407
STORE_001,2022-04-17,593.4792306023401
STORE_001,2022-04-18,643.4219956992758
STORE_001,2022-04-19,526.8406325521327
STORE_001,2022-04-20,451.92348503174276
STORE_001,2022-04-21,377.6862846356678
STORE_001,2022-04-22,429.8988241347362
STORE_001,2022-04-23,532.2666565592716
STORE_001,2022-04-24,619.6622948222737
STORE_001,2022-04-25,571.4068067516159
STORE_001,2022-04-26,560.0819589224694
STORE_001,2022-04-27,444.50009506620034
STORE_001,2022-04-28,400.2721307913596
STORE_001,2022-04-29,435.79042078341274
STORE_001,2022-04-30,533.9190002619773
STORE_001,2022-05-01,613.1622865968047
STORE_001,2022-05-02,609.4804735167634
STORE_001,2022-05-03,549.820233510837
STORE_001,2022-05-04,451.49500755001446
STORE_001,2022-05-05,400.0101718582893
STORE_001,2022-05-06,424.99503193297363
STORE_001,2022-05-07,516.5666585968045
STORE_001,2022-05-08,623.1232781376332
STORE_001,2022-05-09,601.8226001802947
STORE_001,2022-05-10,544.5100179305864
STORE_001,2022-05-11,474.49907447371663
STORE_001,2022-05-12,400.705504133647
STORE_001,2022-05-13,419.08053679591046
STORE_001,2022-05-14,522.7305685399408
STORE_001,2022-05-15,613.3291533806918
STORE_001,2022-05-16,602.1195428431554
STORE_001,2022-05-17,533.3941109041064
STORE_001,2022-05-18,453.94621643154295
STORE_001,2022-05-19,392.6131747540293
STORE_001,2022-05-20,411.2438249459639
STORE_001,2022-05-21,504.05153252409684
STORE_001,2022-05-22,604.719494441579
STORE_001,2022-05-23,571.9595922269823
STORE_001,2022-05-24,536.4461386166629
STORE_001,2022-05-25,447.4212064000805
STORE_001,2022-05-26,418.28563464080196
STORE_001,2022-05-27,406.5928296585512
STORE_001,2022-05-28,518.5822042277831
STORE_001,2022-05-29,602.460286158929
STORE_001,2022-05-30,588.790636445641
STORE_001,2022-05-31,563.9271958730857
STORE_001,2022-06-01,439.5331154924997
STORE_001,2022-06-02,396.81614129703013
STORE_001,2022-06-03,426.79783049066236
STORE_001,2022-06-04,543.217750145631
STORE_001,2022-06-05,602.47952490785
STORE_001,2022-06-06,568.7212972106256
STORE_001,2022-06-07,541.1368105879744
STORE_001,2022-06-08,476.8920532309541
STORE_001,2022-06-09,406.740019893274
STORE_001,2022-06-10,425.36311968859565
STORE_001,2022-06-11,514.0547301263438
STORE_001,2022-06-12,590.6980743924718
STORE_001,2022-06-13,597.7634159476944
STORE_001,2022-06-14,521.9926900775351
STORE_001,2022-06-15,468.33205942368295
STORE_001,2022-06-16,389.807515048822
STORE_001,2022-06-17,421.44699254222473
STORE_001,2022-06-18,501.7134962186858
STORE_001,2022-06-19,602.2761202201496
STORE_001,2022-06-20,579.7048830112292
STORE_001,2022-06-21,508.5590276516285
STORE_001,2022-06-22,464.73925742828953
STORE_001,2022-06-23,427.1246018681915
STORE_001,2022-06-24,438.7589555933549
STORE_001,2022-06-25,540.2253603485543
STORE_001,2022-06-26,601.9713307276176
STORE_001,2022-06-27,609.5811446463994
STORE_001,2022-06-28,561.7461718903611
STORE_001,2022-06-29,458.66395353331353
STORE_001,2022-06-30,384.74180619713746
STORE_001,2022-07-01,414.3260872743256
STORE_001,2022-07-02,555.540447325217
STORE_001,2022-07-03,607.0619857245506
STORE_001,2022-07-04,547.621455419516
STORE_001,2022-07-05,521.3545219567042
STORE_001,2022-07-06,450.24489554110886
STORE_001,2022-07-07,418.0445873580811
STORE_001,2022-07-08,417.72001646709293
STORE_001,2022-07-09,545.8164748246004
STORE_001,2022-07-10,600.2907129435912
STORE_001,2022-07-11,568.0284033846482
STORE_001,2022-07-12,536.0149565327852
STORE_001,2022-07-13,461.7858011114397
STORE_001,2022-07-14,406.4364640219378
STORE_001,2022-07-15,402.9902355143457
STORE_001,2022-07-16,524.7320569729428
STORE_001,2022-07-17,648.4532618177633
STORE_001,2022-07-18,578.9937588237291
STORE_001,2022-07-19,553.299224828712
STORE_001,2022-07-20,425.16149060969786
STORE_001,2022-07-21,415.4640861503629
STORE_001,2022-07-22,408.43197090037074
STORE_001,2022-07-23,536.0313238730441
STORE_001,2022-07-24,588.8102642202795
STORE_001,2022-07-25,601.8555832208333
STORE_001,2022-07-26,529.7586194756362
STORE_001,2022-07-27,445.88590334374743
STORE_001,2022-07-28,409.1369988777426
STORE_001,2022-07-29,415.36106960724265
STORE_001,2022-07-30,535.7057217232453
STORE_001,2022-07-31,605.3205284671527
STORE_001,2022-08-01,598.5051964368917
STORE_001,2022-08-02,550.0646709820581
STORE_001,2022-08-03,451.361349269379
STORE_001,2022-08-04,387.5664619917911
STORE_001,2022-08-05,413.8321677642497
STORE_001,2022-08-06,547.9270876975
STORE_001,2022-08-07,609.9257445079498
STORE_001,2022-08-08,584.8193144170252
STORE_001,2022-08-09,549.4117830375723
STORE_001,2022-08-10,463.63635986233004
STORE_001,2022-08-11,410.30719491878466
STORE_001,2022-08-12,407.14929374762767
STORE_001,2022-08-13,519.7641350857108
STORE_001,2022-08-14,598.0307100009968
STORE_001,2022-08-15,592.08307253719
STORE_001,2022-08-16,551.4721616889144
STORE_001,2022-08-17,461.0543981592101
STORE_001,2022-08-18,408.1354631391754
STORE_001,2022-08-19,442.1271388887702
STORE_001,2022-08-20,540.3333639873744
STORE_001,2022-08-21,606.0561238718611
STORE_001,2022-08-22,579.7345135773952
STORE_001,2022-08-23,532.6701687846922
STORE_001,2022-08-24,452.6860500730709
STORE_001,2022-08-25,414.9441561918595
STORE_001,2022-08-26,421.4068727416046
STORE_001,2022-08-27,520.1570606766711
STORE_001,2022-08-28,597.1897549608927
STORE_001,2022-08-29,596.4491180843647
STORE_001,2022-08-30,556.7381873450112
STORE_001,2022-08-31,480.47691567487044
STORE_001,2022-09-01,399.4206798113727
STORE_001,2022-09-02,421.14570404175754
STORE_001,2022-09-03,511.79087440763766
STORE_001,2022-09-04,637.2710367832935
STORE_001,2022-09-05,576.4777486458412
STORE_001,2022-09-06,560.9633085884649
STORE_001,2022-09-07,451.13158679305855
STORE_001,2022-09-08,393.51671137421334
STORE_001,2022-09-09,405.166798174908
STORE_001,2022-09-10,566.1507297411061
STORE_001,2022-09-11,611.5055225959796
STORE_001,2022-09-12,597.8119977747432
STORE_001,2022-09-13,556.689359305074
STORE_001,2022-09-14,446.8491352037955
STORE_001,2022-09-15,402.5348981102831
STORE_001,2022-09-16,422.6618960553774
STORE_001,2022-09-17,522.3178140147751
STORE_001,2022-09-18,626.177719434591
STORE_001,2022-09-19,594.2129750457441
STORE_001,2022-09-20,520.0913931112229
STORE_001,2022-09-21,452.0891656354313
STORE_001,2022-09-22,406.2448888575263
STORE_001,2022-09-23,408.4144532448819
STORE_001,2022-09-24,517.7810781024439
STORE_001,2022-09-25,599.9892626749122
STORE_001,2022-09-26,615.811326119187
STORE_001,2022-09-27,536.0810035720717
STORE_001,2022-09-28,478.0483813665118
STORE_001,2022-09-29,393.2829522095933
STORE_001,2022-09-30,426.69206379704633
STORE_001,2022-10-01,523.3063598867049
STORE_001,2022-10-02,619.4943958011604
STORE_001,2022-10-03,580.7186788997033
STORE_001,2022-10-04,554.5312661054152
STORE_001,2022-10-05,458.319667092891
STORE_001,2022-10-06,392.90733153015645
STORE_001,2022-10-07,419.3235294825446
STORE_001,2022-10-08,553.0078241154818
STORE_001,2022-10-09,610.2508158200137
STORE_001,2022-10-10,586.9518709794933
STORE_001,2022-10-11,525.3179746693344
STORE_001,2022-10-12,464.19269018971005
STORE_001,2022-10-13,405.4448874869777
STORE_001,2022-10-14,432.2421621795206
STORE_001,2022-10-15,508.0666289046492
STORE_001,2022-10-16,590.5992414534298
STORE_001,2022-10-17,614.6959792069606
STORE_001,2022-10-18,548.3584986134481
STORE_001,2022-10-19,464.6126388568079
STORE_001,2022-10-20,388.0669033001992
STORE_001,2022-10-21,407.10204377826216
STORE_001,2022-10-22,544.8688798728817
STORE_001,2022-10-23,623.7588130682818
STORE_001,2022-10-24,581.1679989127467
STORE_001,2022-10-25,524.1978164739621
STORE_001,2022-10-26,454.98273152755974
STORE_001,2022-10-27,390.51698198117765
STORE_001,2022-10-28,409.5141985675042
STORE_001,2022-10-29,511.2293263035873
STORE_001,2022-10-30,601.1566405225976
STORE_001,2022-10-31,580.1723700786902
STORE_001,2022-11-01,526.9573603666182
STORE_001,2022-11-02,461.0875037867378
STORE_001,2022-11-03,401.6792352675075
STORE_001,2022-11-04,429.0900319761788
STORE_001,2022-11-05,505.2644984697622
STORE_001,2022-11-06,608.3313573942484
STORE_001,2022-11-07,628.6273543506699
STORE_001,2022-11-08,537.8042866474747
STORE_001,2022-11-09,468.98286118682967
STORE_001,2022-11-10,414.747311513435
STORE_001,2022-11-11,434.7948308732146
STORE_001,2022-11-12,532.4999253058594
STORE_001,2022-11-13,616.6744379879673
STORE_001,2022-11-14,607.9779955183778
STORE_001,2022-11-15,552.9200643364709
STORE_001,2022-11-16,439.8503534855462
STORE_001,2022-11-17,376.8964415436581
STORE_001,2022-11-18,398.5130986019755
STORE_001,2022-11-19,525.9476001142575
STORE_001,2022-11-20,617.0920492631424
STORE_001,2022-11-21,580.9266220555095
STORE_001,2022-11-22,557.2479307905236
STORE_001,2022-11-23,449.07749847063076
STORE_001,2022-11-24,395.1158806139059
STORE_001,2022-11-25,409.27524681500233
STORE_001,2022-11-26,501.7282046147568
STORE_001,2022-11-27,611.6228601733211
STORE_001,2022-11-28,623.182806910761
STORE_001,2022-11-29,542.4484060587658
STORE_001,2022-11-30,428.8521514628231
STORE_001,2022-12-01,414.21235095606426
STORE_001,2022-12-02,397.4448819016501
STORE_001,2022-12-03,511.8644840451611
STORE_001,2022-12-04,604.6080756620964
STORE_001,2022-12-05,599.3354427962859
STORE_001,2022-12-06,528.258413894259
STORE_001,2022-12-07,452.451885239753
STORE_001,2022-12-08,413.2346447932283
STORE_001,2022-12-09,434.59953502531744
STORE_001,2022-12-10,548.7718463272163
STORE_001,2022-12-11,636.8244280312047
STORE_001,2022-12-12,609.6411310430989
STORE_001,2022-12-13,540.1373261956946
STORE_001,2022-12-14,469.5013329550892
STORE_001,2022-12-15,409.50795229189623
STORE_001,2022-12-16,429.4123564160896
STORE_001,2022-12-17,532.6582817760698
STORE_001,2022-12-18,594.5023367144923
STORE_001,2022-12-19,582.071345100855
STORE_001,2022-12-20,541.9316008956279
STORE_001,2022-12-21,458.845277225937
STORE_001,2022-12-22,392.3155949378421
STORE_001,2022-12-23,428.16698098232666
STORE_001,2022-12-24,561.2114885605858
STORE_001,2022-12-25,582.0181874576292
STORE_001,2022-12-26,606.2264583816395
STORE_001,2022-12-27,542.3987545983948
STORE_001,2022-12-28,463.37145941826833
STORE_001,2022-12-29,396.0464882749139
STORE_001,2022-12-30,419.62595347748913
STORE_001,2022-12-31,531.9425067651174
STORE_001,2023-01-01,603.6586399937764
STORE_001,2023-01-02,574.6846714576338
STORE_001,2023-01-03,539.8796484520869
STORE_001,2023-01-04,435.3651216653024
STORE_001,2023-01-05,412.3051054405221
STORE_001,2023-01-06,393.8336752370235
STORE_001,2023-01-07,545.4298156918378
STORE_001,2023-01-08,614.6265932498526
STORE_001,2023-01-09,603.9936204541912
STORE_001,2023-01-10,510.9237258940381
STORE_001,2023-01-11,451.682634516874
STORE_001,2023-01-12,419.8106602117158
STORE_001,2023-01-13,414.03773206773957
STORE_001,2023-01-14,513.8290677505472
STORE_001,2023-01-15,598.6330968217169
STORE_001,2023-01-16,596.468626878592
STORE_001,2023-01-17,530.6178171570655
STORE_001,2023-01-18,475.11888456958354
STORE_001,2023-01-19,401.5371958319625
STORE_001,2023-01-20,413.4833115339772
STORE_001,2023-01-21,510.4798470974671
STORE_001,2023-01-22,615.4498473259853
STORE_001,2023-01-23,604.4177856388529
STORE_001,2023-01-24,531.5052403189892
STORE_001,2023-01-25,423.0666906635339
STORE_001,2023-01-26,408.66864162545716
STORE_001,2023-01-27,419.0148008842834
STORE_001,2023-01-28,535.0410675188837
STORE_001,2023-01-29,637.540766251398
STORE_001,2023-01-30,597.0903135625471
STORE_001,2023-01-31,535.6807946591148
STORE_001,2023-02-01,439.4017965735178
STORE_001,2023-02-02,397.82088190939237
STORE_001,2023-02-03,424.2255119974317
STORE_001,2023-02-04,530.7996113089779
STORE_001,2023-02-05,634.0351283478087
STORE_001,2023-02-06,604.9790747001726
STORE_001,2023-02-07,541.3663608391502
STORE_001,2023-02-08,446.0132174057478
STORE_001,2023-02-09,406.50730023856715
STORE_001,2023-02-10,408.2117293774558
STORE_001,2023-02-11,532.6974661930686
STORE_001,2023-02-12,615.4943571503769
STORE_001,2023-02-13,594.246007876611
STORE_001,2023-02-14,533.934077250778
STORE_001,2023-02-15,423.83217337822316
STORE_001,2023-02-16,419.66475967812363
STORE_001,2023-02-17,427.8663576068736
STORE_001,2023-02-18,536.4142592237696
STORE_001,2023-02-19,584.7628632101399
STORE_001,2023-02-20,618.190371714284
STORE_001,2023-02-21,536.4101209124808
STORE_001,2023-02-22,452.2796965477513
STORE_001,2023-02-23,386.4679059505346
STORE_001,2023-02-24,395.01266578309884
STORE_001,2023-02-25,547.3601946758548
STORE_001,2023-02-26,627.4821087877659
STORE_001,2023-02-27,595.0098689478824
STORE_001,2023-02-28,533.1976053646639
STORE_001,2023-03-01,450.95596355123166
STORE_001,2023-03-02,397.2629839312855
STORE_001,2023-03-03,403.8189559205012
STORE_001,2023-03-04,525.6161717683416
STORE_001,2023-03-05,610.4796781408152
STORE_001,2023-03-06,612.7651499329128
STORE_001,2023-03-07,543.6020363719616
STORE_001,2023-03-08,432.9663504547508
STORE_001,2023-03-09,407.8104267297981
STORE_001,2023-03-10,417.9778933281511
STORE_001,2023-03-11,550.556145409755
STORE_001,2023-03-12,629.6250152774626
STORE_001,2023-03-13,619.4596059021928
STORE_001,2023-03-14,534.9645548811586
STORE_001,2023-03-15,486.45945218830764
STORE_001,2023-03-16,407.7713463552541
STORE_001,2023-03-17,446.2125578382255
STORE_001,2023-03-18,522.4607057925185
STORE_001,2023-03-19,603.7041971826602
STORE_001,2023-03-20,601.6032015082639
STORE_001,2023-03-21,545.6665380559638
STORE_001,2023-03-22,475.4338052402838
STORE_001,2023-03-23,399.02526900359084
STORE_001,2023-03-24,439.2860766078501
STORE_001,2023-03-25,540.9835176069882
STORE_001,2023-03-26,604.9822649676961
STORE_001,2023-03-27,607.3129404804178
STORE_001,2023-03-28,536.2893982092609
STORE_001,2023-03-29,491.864713088334
STORE_001,2023-03-30,362.5422239657014
STORE_001,2023-03-31,431.91099982061894
STORE_001,2023-04-01,503.53106136084625
STORE_001,2023-04-02,604.7982976985309
STORE_001,2023-04-03,596.2086698761135
STORE_001,2023-04-04,566.0028772954638
STORE_001,2023-04-05,446.2293429070916
STORE_001,2023-04-06,422.12738751674397
STORE_001,2023-04-07,404.13460214982365
STORE_001,2023-04-08,550.2000458563227
STORE_001,2023-04-09,601.0679666182485
STORE_001,2023-04-10,598.5943090067994
STORE_001,2023-04-11,538.3426939651044
STORE_001,2023-04-12,475.84707819998096
STORE_001,2023-04-13,418.8233064303254
STORE_001,2023-04-14,428.46937756196564
STORE_001,2023-04-15,512.7219742311961
STORE_001,2023-04-16,597.4578202263492
STORE_001,2023-04-17,582.0641433355901
STORE_001,2023-04-18,509.66623060987484
STORE_001,2023-04-19,475.5313976159945
STORE_001,2023-04-20,397.5898558866779
STORE_001,2023-04-21,416.739442288812
STORE_001,2023-04-22,552.4415335013789
STORE_001,2023-04-23,601.043319211006
STORE_001,2023-04-24,584.8857271828947
STORE_001,2023-04-25,540.0171896040345
STORE_001,2023-04-26,439.62159031009736
STORE_001,2023-04-27,407.6725453211369
STORE_001,2023-04-28,416.2119205792361
STORE_001,2023-04-29,522.3909288410919
STORE_001,2023-04-30,599.2746006664992
STORE_001,2023-05-01,595.8994688105528
STORE_001,2023-05-02,544.6405907945538
STORE_001,2023-05-03,448.8119997621348
STORE_001,2023-05-04,397.1257197403908
STORE_001,2023-05-05,420.59400935090355
STORE_001,2023-05-06,527.2637279669037
STORE_001,2023-05-07,608.6492877499276
STORE_001,2023-05-08,587.3427291694632
STORE_001,2023-05-09,558.4572675486502
STORE_001,2023-05-10,458.0640487493872
STORE_001,2023-05-11,394.94950748944404
STORE_001,2023-05-12,426.98261501387395
STORE_001,2023-05-13,528.8844710177198
STORE_001,2023-05-14,582.175752929546
STORE_001,2023-05-15,602.6070815715069
STORE_001,2023-05-16,528.0957808759971
STORE_001,2023-05-17,470.628042836716
STORE_001,2023-05-18,398.880964198416
STORE_001,2023-05-19,433.51790621406053
STORE_001,2023-05-20,520.5467217020341
STORE_001,2023-05-21,609.2320872539093
STORE_001,2023-05-22,615.6464437257849
STORE_001,2023-05-23,539.3531257155344
STORE_001,2023-05-24,447.7493696072061
STORE_001,2023-05-25,412.332817988545
STORE_001,2023-05-26,431.35177570446126
STORE_001,2023-05-27,521.7687629987738
STORE_001,2023-05-28,578.4012329405355
STORE_001,2023-05-29,588.3424465557069
STORE_001,2023-05-30,553.548766737055
STORE_001,2023-05-31,444.9861132468893
STORE_001,2023-06-01,402.34314122657577
STORE_001,2023-06-02,411.9545776837003
STORE_001,2023-06-03,501.01749256210314
STORE_001,2023-06-04,598.0509305912052
STORE_001,2023-06-05,607.5897715285284
STORE_001,2023-06-06,507.8345867107683
STORE_001,2023-06-07,460.3941363453808
STORE_001,2023-06-08,384.71617031082667
STORE_001,2023-06-09,430.9434827953105
STORE_001,2023-06-10,540.7147840381023
STORE_001,2023-06-11,605.6039292231336
STORE_001,2023-06-12,594.9477688364649
STORE_001,2023-06-13,531.292933454713
STORE_001,2023-06-14,436.4278750866746
STORE_001,2023-06-15,427.97860237682437
STORE_001,2023-06-16,408.84078034562583
STORE_001,2023-06-17,553.516941967948
STORE_001,2023-06-18,595.2906476497986
STORE_001,2023-06-19,605.3706470732484
STORE_001,2023-06-20,526.3212665169498
STORE_001,2023-06-21,464.46255134177613
STORE_001,2023-06-22,397.6233984245207
STORE_001,2023-06-23,417.1291093430599
STORE_001,2023-06-24,539.1503475467656
STORE_001,2023-06-25,601.1460277706135
STORE_001,2023-06-26,576.0705637865065
STORE_001,2023-06-27,554.8079573629032
STORE_001,2023-06-28,439.4231172385129
STORE_001,2023-06-29,410.25496804778544
STORE_001,2023-06-30,436.4117999331922
STORE_001,2023-07-01,524.367591704719
STORE_001,2023-07-02,625.918440908179
STORE_001,2023-07-03,604.7195468361014
STORE_001,2023-07-04,532.9504526095866
STORE_001,2023-07-05,477.63306112223574
STORE_001,2023-07-06,385.3821314557277
STORE_001,2023-07-07,416.16634530464233
STORE_001,2023-07-08,526.9052779457046
STORE_001,2023-07-09,617.2615037620748
STORE_001,2023-07-10,614.2242906788997
STORE_001,2023-07-11,559.1802472653009
STORE_001,2023-07-12,459.96785088185607
STORE_001,2023-07-13,398.3031722148643
STORE_001,2023-07-14,394.42708812878357
STORE_001,2023-07-15,510.2878121831698
STORE_001,2023-07-16,634.6829805861746
STORE_001,2023-07-17,569.951711405645
STORE_001,2023-07-18,531.6210142631253
STORE_001,2023-07-19,473.78072031899984
STORE_001,2023-07-20,405.6529082697787
STORE_001,2023-07-21,435.73752781828205
STORE_001,2023-07-22,538.142425269056
STORE_001,2023-07-23,630.226886307215
STORE_001,2023-07-24,601.9242005166568
STORE_001,2023-07-25,553.3400898490264
STORE_001,2023-07-26,445.7479281073754
STORE_001,2023-07-27,411.3022034154895
STORE_001,2023-07-28,415.8749602833569
STORE_001,2023-07-29,523.203411980283
STORE_001,2023-07-30,621.6040009665039
STORE_001,2023-07-31,611.0171418590733
STORE_001,2023-08-01,568.7150062479426
STORE_001,2023-08-02,480.9605738705352
STORE_001,2023-08-03,416.26693620219953
STORE_001,2023-08-04,396.0101675996433
STORE_001,2023-08-05,557.4152147442484
STORE_001,2023-08-06,621.9526633067981
STORE_001,2023-08-07,586.0048898668887
STORE_001,2023-08-08,554.3220112452045
STORE_001,2023-08-09,441.0526399738032
STORE_001,2023-08-10,411.78666058346454
STORE_001,2023-08-11,402.0728011370811
STORE_001,2023-08-12,517.8767238682012
STORE_001,2023-08-13,618.8320851848091
STORE_001,2023-08-14,613.5860923630746
STORE_001,2023-08-15,548.2699268032616
STORE_001,2023-08-16,452.3190965379265
STORE_001,2023-08-17,370.78421435656406
STORE_001,2023-08-18,418.681535258428
STORE_001,2023-08-19,538.0022761523666
STORE_001,2023-08-20,603.4316716577652
STORE_001,2023-08-21,597.1541221017679
STORE_001,2023-08-22,540.6041118929876
STORE_001,2023-08-23,451.7860328209265
STORE_001,2023-08-24,403.64536963121657
STORE_001,2023-08-25,417.7264330209101
STORE_001,2023-08-26,551.6493433044756
STORE_001,2023-08-27,575.0868655210497
STORE_001,2023-08-28,589.3051524286161
STORE_001,2023-08-29,530.334530559
STORE_001,2023-08-30,459.89828508876604
STORE_001,2023-08-31,403.6643805700642
STORE_001,2023-09-01,446.14974827643715
STORE_001,2023-09-02,559.2671307244613
STORE_001,2023-09-03,596.5868964132471
STORE_001,2023-09-04,597.5002921936871
STORE_001,2023-09-05,546.3329401656256
STORE_001,2023-09-06,444.64441986319184
STORE_001,2023-09-07,411.93293932238214
STORE_001,2023-09-08,418.22424122172015
STORE_001,2023-09-09,513.9854772409889
STORE_001,2023-09-10,603.9896236828048
STORE_001,2023-09-11,582.5276726270733
STORE_001,2023-09-12,558.9380763530407
STORE_001,2023-09-13,485.13501491494867
STORE_001,2023-09-14,406.1794993902364
STORE_001,2023-09-15,423.48600327399214
STORE_001,2023-09-16,532.2865215031142
STORE_001,2023-09-17,625.9166586808763
STORE_001,2023-09-18,614.9032762721413
STORE_001,2023-09-19,541.6535703835408
STORE_001,2023-09-20,460.40047499893194
STORE_001,2023-09-21,412.29690488947494
STORE_001,2023-09-22,404.7515399049378
STORE_001,2023-09-23,548.189123561306
STORE_001,2023-09-24,634.2056266152088
STORE_001,2023-09-25,614.9682727907734
STORE_001,2023-09-26,524.7044652375376
STORE_001,2023-09-27,427.0616192569644
STORE_001,2023-09-28,413.13798888458825
STORE_001,2023-09-29,410.4140100187661
STORE_001,2023-09-30,534.3070003118419
STORE_001,2023-10-01,631.2103790469122
STORE_001,2023-10-02,587.6384635722085
STORE_001,2023-10-03,537.7250540656235
STORE_001,2023-10-04,460.7624706770639
STORE_001,2023-10-05,383.0445641820838
STORE_001,2023-10-06,410.44900881310787
STORE_001,2023-10-07,530.372862556264
STORE_001,2023-10-08,603.6763252145383
STORE_001,2023-10-09,606.6189075251709
STORE_001,2023-10-10,584.8780681283488
STORE_001,2023-10-11,458.09870117952323
STORE_001,2023-10-12,389.88152959124756
STORE_001,2023-10-13,443.0904570745582
STORE_001,2023-10-14,506.1677228701894
STORE_001,2023-10-15,587.3495256813596
STORE_001,2023-10-16,588.5662396384647
STORE_001,2023-10-17,539.1450731039571
STORE_001,2023-10-18,447.3255350404849
STORE_001,2023-10-19,402.0345239154728
STORE_001,2023-10-20,425.93798029439563
STORE_001,2023-10-21,546.034393029129
STORE_001,2023-10-22,609.5509723544586
STORE_001,2023-10-23,589.0635975027569
STORE_001,2023-10-24,558.6080547083446
STORE_001,2023-10-25,444.345893952293
STORE_001,2023-10-26,378.01816759650876
STORE_001,2023-10-27,439.90619202176725
STORE_001,2023-10-28,547.1277986721643
STORE_001,2023-10-29,596.2986723637391
STORE_001,2023-10-30,591.5063084108701
STORE_001,2023-10-31,529.6344607318064
STORE_001,2023-11-01,461.51098935172394
STORE_001,2023-11-02,428.4879481523404
STORE_001,2023-11-03,432.36007873211753
STORE_001,2023-11-04,545.5358696387432
STORE_001,2023-11-05,620.4790732221645
STORE_001,2023-11-06,597.4910039897981
STORE_001,2023-11-07,559.638480480427
STORE_001,2023-11-08,467.7870845319409
STORE_001,2023-11-09,424.09889450911663
STORE_001,2023-11-10,414.923617635763
STORE_001,2023-11-11,503.92832540682605
STORE_001,2023-11-12,623.8619134699013
STORE_001,2023-11-13,602.7393340272733
STORE_001,2023-11-14,538.9476824069407
STORE_001,2023-11-15,453.0093339036282
STORE_001,2023-11-16,440.8275036703493
STORE_001,2023-11-17,412.183931965181
STORE_001,2023-11-18,517.2004503976098
STORE_001,2023-11-19,609.462411749204
STORE_001,2023-11-20,615.2001543877773
STORE_001,2023-11-21,577.5644037096996
STORE_001,2023-11-22,466.4721005390861
STORE_001,2023-11-23,383.45107762212655
STORE_001,2023-11-24,451.37981581396076
STORE_001,2023-11-25,529.7079695138347
STORE_001,2023-11-26,595.6175067683778
STORE_001,2023-11-27,581.301904361693
STORE_001,2023-11-28,555.9333047017949
STORE_001,2023-11-29,460.19406688104067
STORE_001,2023-11-30,407.6833394360063
STORE_001,2023-12-01,441.11439853927135
STORE_001,2023-12-02,517.9676811273445
STORE_001,2023-12-03,628.6754676709057
STORE_001,2023-12-04,589.7054313762785
STORE_001,2023-12-05,575.8484845204504
STORE_001,2023-12-06,465.5927113281537
STORE_001,2023-12-07,388.70363083517077
STORE_001,2023-12-08,391.43558050339095
STORE_001,2023-12-09,542.1338708341833
STORE_001,2023-12-10,602.5704441069539
STORE_001,2023-12-11,595.1593058003542
STORE_001,2023-12-12,554.8813140493684
STORE_001,2023-12-13,471.76783348200814
STORE_001,2023-12-14,420.8628638918563
STORE_001,2023-12-15,404.1942321274528
STORE_001,2023-12-16,551.388421244365
STORE_001,2023-12-17,599.4974682042832
STORE_001,2023-12-18,563.6490421969589
STORE_001,2023-12-19,525.711768708858
STORE_001,2023-12-20,459.8820024702388
STORE_001,2023-12-21,387.82499509060034
STORE_001,2023-12-22,420.4961847155548
STORE_001,2023-12-23,535.0737873129316
STORE_001,2023-12-24,605.4623672001576
STORE_001,2023-12-25,590.077476150332
STORE_001,2023-12-26,524.6279329669374
STORE_001,2023-12-27,456.94078321148226
STORE_001,2023-12-28,371.5328479680469
STORE_001,2023-12-29,411.52688112740276
STORE_001,2023-12-30,516.0832383640804
STORE_001,2023-12-31,604.592495474162
STORE_002,2022-01-01,297.4400424082888
STORE_002,2022-01-02,335.1115987784941
STORE_002,2022-01-03,348.5239131149465
STORE_002,2022-01-04,300.01468872442797
STORE_002,2022-01-05,311.44617617470675
STORE_002,2022-01-06,262.0864864965295
STORE_002,2022-01-07,279.4384221885259
STORE_002,2022-01-08,307.0905753485178
STORE_002,2022-01-09,353.8873311950172
STORE_002,2022-01-10,323.9750172135373
STORE_002,2022-01-11,292.82739813027297
STORE_002,2022-01-12,306.3769577925202
STORE_002,2022-01-13,262.3977704639795
STORE_002,2022-01-14,273.9892573052797
STORE_002,2022-01-15,288.5074431103619
STORE_002,2022-01-16,321.2081123661781
STORE_002,2022-01-17,321.357926310962
STORE_002,2022-01-18,323.4657755626849
STORE_002,2022-01-19,290.42212318560615
STORE_002,2022-01-20,265.18581072088654
STORE_002,2022-01-21,291.2390034708319
STORE_002,2022-01-22,305.94061944430916
STORE_002,2022-01-23,304.3201981161744
STORE_002,2022-01-24,343.4392839931769
STORE_002,2022-01-25,318.52710784971725
STORE_002,2022-01-26,307.1016329587789
STORE_002,2022-01-27,275.8057012431124
STORE_002,2022-01-28,270.7482470228516
STORE_002,2022-01-29,301.38933391532987
STORE_002,2022-01-30,337.0800285708098
STORE_002,2022-01-31,324.114218986493
STORE_002,2022-02-01,311.98535127693293
STORE_002,2022-02-02,288.71279962642956
STORE_002,2022-02-03,261.4864522831482
STORE_002,2022-02-04,272.1330976128579
STORE_002,2022-02-05,306.8716996953402
STORE_002,2022-02-06,342.8229490508152
STORE_002,2022-02-07,338.129046998167
STORE_002,2022-02-08,317.6787970885334
STORE_002,2022-02-09,282.3580327777286
STORE_002,2022-02-10,289.3810560251195
STORE_002,2022-02-11,287.37126418650087
STORE_002,2022-02-12,297.28055971019705
STORE_002,2022-02-13,340.1372170619359
STORE_002,2022-02-14,341.99842739850493
STORE_002,2022-02-15,309.4269874873048
STORE_002,2022-02-16,292.076962468724
STORE_002,2022-02-17,271.28607782429947
STORE_002,2022-02-18,314.73187294625603
STORE_002,2022-02-19,313.10247494867383
STORE_002,2022-02-20,332.554799694634
STORE_002,2022-02-21,341.9156788120378
STORE_002,2022-02-22,336.69952221680745
STORE_002,2022-02-23,293.25315928937084
STORE_002,2022-02-24,271.08065846756364
STORE_002,2022-02-25,294.2210358817838
STORE_002,2022-02-26,305.5824210378882
STORE_002,2022-02-27,318.4351305662271
STORE_002,2022-02-28,322.0277044367826
STORE_002,2022-03-01,339.46134924725004
STORE_002,2022-03-02,296.79367530440203
STORE_002,2022-03-03,272.04498091278185
STORE_002,2022-03-04,282.237837690848
STORE_002,2022-03-05,318.3313119247421
STORE_002,2022-03-06,328.7132278038266
STORE_002,2022-03-07,320.77112434646426
STORE_002,2022-03-08,325.98010034168874
STORE_002,2022-03-09,310.67433379099117
STORE_002,2022-03-10,293.77758081509563
STORE_002,2022-03-11,279.2981168444438
STORE_002,2022-03-12,324.8322666648805
STORE_002,2022-03-13,335.7497131567286
STORE_002,2022-03-14,354.018148701876
STORE_002,2022-03-15,329.91447395468253
STORE_002,2022-03-16,278.87521734725436
STORE_002,2022-03-17,302.0010957282669
STORE_002,2022-03-18,287.5917017952162
STORE_002,2022-03-19,317.4839401530839
STORE_002,2022-03-20,318.02599740974495
STORE_002,2022-03-21,346.14851805500604
STORE_002,2022-03-22,337.2255818663016
STORE_002,2022-03-23,321.3184429767655
STORE_002,2022-03-24,298.80524549444806
STORE_002,2022-03-25,294.5812115069193
STORE_002,2022-03-26,292.9901055046752
STORE_002,2022-03-27,336.7020259161143
STORE_002,2022-03-28,333.93470475025214
STORE_002,2022-03-29,327.77040304992283
STORE_002,2022-03-30,284.45890842278163
STORE_002,2022-03-31,280.4386645421398
STORE_002,2022-04-01,282.6845375326319
STORE_002,2022-04-02,305.9048569519627
STORE_002,2022-04-03,329.61613767698924
STORE_002,2022-04-04,340.3747824148864
STORE_002,2022-04-05,329.34522513944194
STORE_002,2022-04-06,270.0331148406028
STORE_002,2022-04-07,255.4036926383263
STORE_002,2022-04-08,285.78665793798007
STORE_002,2022-04-09,311.0698441658645
STORE_002,2022-04-10,339.30452598686855
STORE_002,2022-04-11,334.2331902320086
STORE_002,2022-04-12,326.98468983787564
STORE_002,2022-04-13,302.4935358340151
STORE_002,2022-04-14,276.0664092307331
STORE_002,2022-04-15,302.97264335667415
STORE_002,2022-04-16,316.5271279185308
STORE_002,2022-04-17,344.5589440119185
STORE_002,2022-04-18,344.75162674442754
STORE_002,2022-04-19,353.0754042250823
STORE_002,2022-04-20,309.09224168194845
STORE_002,2022-04-21,279.98540607737
STORE_002,2022-04-22,301.6229955869397
STORE_002,2022-04-23,295.7122526503278
STORE_002,2022-04-24,340.3908334971022
STORE_002,2022-04-25,348.7156209288632
STORE_002,2022-04-26,330.36379561202386
STORE_002,2022-04-27,298.8903498812078
STORE_002,2022-04-28,274.6542650685505
STORE_002,2022-04-29,283.2594483086451
STORE_002,2022-04-30,317.5486301335142
STORE_002,2022-05-01,326.55361903469884
STORE_002,2022-05-02,367.0879283142645
STORE_002,2022-05-03,298.0609937936932
STORE_002,2022-05-04,299.9746613994774
STORE_002,2022-05-05,289.08644049862505
STORE_002,2022-05-06,299.78088306599403
STORE_002,2022-05-07,306.2928538901347
STORE_002,2022-05-08,354.4876068292317
STORE_002,2022-05-09,330.0801638794802
STORE_002,2022-05-10,323.9184423612651
STORE_002,2022-05-11,312.2651059521035
STORE_002,2022-05-12,301.2042470855837
STORE_002,2022-05-13,277.8040358541595
STORE_002,2022-05-14,349.9846115810039
STORE_002,2022-05-15,331.06639002330456
STORE_002,2022-05-16,332.02016615363993
STORE_002,2022-05-17,337.7047836045724
STORE_002,2022-05-18,301.5968333245108
STORE_002,2022-05-19,283.7295760363317
STORE_002,2022-05-20,302.7599995803072
STORE_002,2022-05-21,300.87684128962604
STORE_002,2022-05-22,322.3708954603525
STORE_002,2022-05-23,341.55749498099254
STORE_002,2022-05-24,345.5672452554714
STORE_002,2022-05-25,300.0879107252731
STORE_002,2022-05-26,309.8323034798901
STORE_002,2022-05-27,310.98466750227107
STORE_002,2022-05-28,323.5599632675878
STORE_002,2022-05-29,347.83341405128414
STORE_002,2022-05-30,353.0708263416516
STORE_002,2022-05-31,335.5092566049553
STORE_002,2022-06-01,303.3018933552261
STORE_002,2022-06-02,288.60038874579874
STORE_002,2022-06-03,284.69318796783557
STORE_002,2022-06-04,294.60431506075406
STORE_002,2022-06-05,357.9657945289098
STORE_002,2022-06-06,352.53411556161086
STORE_002,2022-06-07,334.62739960696933
STORE_002,2022-06-08,313.4384026779967
STORE_002,2022-06-09,282.62209276549885
STORE_002,2022-06-10,286.48018276507145
STORE_002,2022-06-11,318.6808316868357
STORE_002,2022-06-12,362.0943484774285
STORE_002,2022-06-13,337.5823414570079
STORE_002,2022-06-14,303.98829853654775
STORE_002,2022-06-15,303.3604195806156
STORE_002,2022-06-16,307.2354806965828
STORE_002,2022-06-17,278.6626205121705
STORE_002,2022-06-18,308.8818642438373
STORE_002,2022-06-19,349.7999470619389
STORE_002,2022-06-20,383.40633770336717
STORE_002,2022-06-21,320.1747622746692
STORE_002,2022-06-22,293.814243063563
STORE_002,2022-06-23,298.5476816065689
STORE_002,2022-06-24,314.8694615630848
STORE_002,2022-06-25,316.5163024205406
STORE_002,2022-06-26,328.14087578027244
STORE_002,2022-06-27,358.73266340703725
STORE_002,2022-06-28,344.811618543357
STORE_002,2022-06-29,332.88153315837525
STORE_002,2022-06-30,303.32688600712805
STORE_002,2022-07-01,311.31038067836704
STORE_002,2022-07-02,321.8199647207724
STORE_002,2022-07-03,377.85587723851074
STORE_002,2022-07-04,349.7101881080776
STORE_002,2022-07-05,331.0506757975187
STORE_002,2022-07-06,334.2120701408782
STORE_002,2022-07-07,278.7128927912297
STORE_002,2022-07-08,280.1649066263016
STORE_002,2022-07-09,327.3606090211082
STORE_002,2022-07-10,349.4972063319069
STORE_002,2022-07-11,352.7134559352693
STORE_002,2022-07-12,351.28111781865755
STORE_002,2022-07-13,302.5596364099298
STORE_002,2022-07-14,298.1339651242088
STORE_002,2022-07-15,298.9727552877159
STORE_002,2022-07-16,316.1915234033827
STORE_002,2022-07-17,349.73618308242465
STORE_002,2022-07-18,366.6394808321564
STORE_002,2022-07-19,365.76099765710154
STORE_002,2022-07-20,321.37135787091813
STORE_002,2022-07-21,268.19415907863333
STORE_002,2022-07-22,303.7965651728131
STORE_002,2022-07-23,328.4439983742359
STORE_002,2022-07-24,362.67299168365037
STORE_002,2022-07-25,359.58627430123016
STORE_002,2022-07-26,356.311466698299
STORE_002,2022-07-27,320.0785969422523
STORE_002,2022-07-28,317.9899754081631
STORE_002,2022-07-29,299.94951463627143
STORE_002,2022-07-30,330.53870596970046
STORE_002,2022-07-31,362.31840147210784
STORE_002,2022-08-01,351.46244130656993
STORE_002,2022-08-02,332.75446554443903
STORE_002,2022-08-03,308.7865438373667
STORE_002,2022-08-04,291.25403064785957
STORE_002,2022-08-05,312.4454282060925
STORE_002,2022-08-06,307.7491074852628
STORE_002,2022-08-07,334.6872822103518
STORE_002,2022-08-08,381.6419475371164
STORE_002,2022-08-09,334.4936779964596
STORE_002,2022-08-10,319.6991667264049
STORE_002,2022-08-11,283.33508051687505
STORE_002,2022-08-12,308.264395847798
STORE_002,2022-08-13,322.09894330743884
STORE_002,2022-08-14,335.5620680269799
STORE_002,2022-08-15,376.29225435834394
STORE_002,2022-08-16,358.3458468516188
STORE_002,2022-08-17,316.97095050251437
STORE_002,2022-08-18,314.15808540253767
STORE_002,2022-08-19,330.93463636579077
STORE_002,2022-08-20,340.73615399625095
STORE_002,2022-08-21,361.0355183577625
STORE_002,2022-08-22,363.59682494410504
STORE_002,2022-08-23,352.9092459839362
STORE_002,2022-08-24,314.85239474794463
STORE_002,2022-08-25,299.8056460592033
STORE_002,2022-08-26,314.4660400943526
STORE_002,2022-08-27,326.96108383517685
STORE_002,2022-08-28,351.84998488885856
STORE_002,2022-08-29,362.17188804066313
STORE_002,2022-08-30,359.88278769148
STORE_002,2022-08-31,306.5876819058424
STORE_002,2022-09-01,313.1956380003418
STORE_002,2022-09-02,319.5171200241822
STORE_002,2022-09-03,343.03742586739116
STORE_002,2022-09-04,347.5188438786048
STORE_002,2022-09-05,342.81768815764997
STORE_002,2022-09-06,353.7521222320388
STORE_002,2022-09-07,323.39033184026425
STORE_002,2022-09-08,317.0982350637744
STORE_002,2022-09-09,302.56934061316423
STORE_002,2022-09-10,343.68932174964397
STORE_002,2022-09-11,370.8129652664902
STORE_002,2022-09-12,362.9463703699269
STORE_002,2022-09-13,352.99909008101736
STORE_002,2022-09-14,326.6836833963237
STORE_002,2022-09-15,296.1483005769989
STORE_002,2022-09-16,318.30916125543155
STORE_002,2022-09-17,354.99810080411714
STORE_002,2022-09-18,359.3866866131065
STORE_002,2022-09-19,347.5192072374374
STORE_002,2022-09-20,340.7094371496093
STORE_002,2022-09-21,301.70715199855283
STORE_002,2022-09-22,322.4492879526454
STORE_002,2022-09-23,322.06548506269155
STORE_002,2022-09-24,330.47190893203026
STORE_002,2022-09-25,343.0637398137058
STORE_002,2022-09-26,356.01098648108535
STORE_002,2022-09-27,342.25705141095017
STORE_002,2022-09-28,325.33341605175167
STORE_002,2022-09-29,308.8354860012114
STORE_002,2022-09-30,329.9536246899775
STORE_002,2022-10-01,329.1355013784057
STORE_002,2022-10-02,342.942424103824
STORE_002,2022-10-03,353.0870037570257
STORE_002,2022-10-04,350.6002962246958
STORE_002,2022-10-05,316.23660753889925
STORE_002,2022-10-06,305.38249081541244
STORE_002,2022-10-07,309.36825750039736
STORE_002,2022-10-08,350.2916405939818
STORE_002,2022-10-09,354.9573095897009
STORE_002,2022-10-10,363.4028600140976
STORE_002,2022-10-11,360.4442169306969
STORE_002,2022-10-12,319.1611808886017
STORE_002,2022-10-13,314.9253613337907
STORE_002,2022-10-14,319.75470308722987
STORE_002,2022-10-15,341.0701889357899
STORE_002,2022-10-16,349.348360721069
STORE_002,2022-10-17,383.64847511047236
STORE_002,2022-10-18,379.44523899452753
STORE_002,2022-10-19,327.00712095893306
STORE_002,2022-10-20,298.2507738386003
STORE_002,2022-10-21,317.08633192160664
STORE_002,2022-10-22,352.207539794028
STORE_002,2022-10-23,356.53908468369826
STORE_002,2022-10-24,368.304613685529
STORE_002,2022-10-25,357.8451025512129
STORE_002,2022-10-26,342.2979770049341
STORE_002,2022-10-27,321.0723365948551
STORE_002,2022-10-28,327.49973453483113
STORE_002,2022-10-29,336.1742149056163
STORE_002,2022-10-30,369.7045837331102
STORE_002,2022-10-31,362.14806344818385
STORE_002,2022-11-01,364.8637855916283
STORE_002,2022-11-02,342.6362579466273
STORE_002,2022-11-03,319.36783410179225
STORE_002,2022-11-04,314.24861133764483
STORE_002,2022-11-05,339.8049315279732
STORE_002,2022-11-06,387.51997027770483
STORE_002,2022-11-07,367.5633175169412
STORE_002,2022-11-08,368.27762188115116
STORE_002,2022-11-09,333.8485409145609
STORE_002,2022-11-10,309.67805337374074
STORE_002,2022-11-11,303.4819695282871
STORE_002,2022-11-12,345.74908111027185
STORE_002,2022-11-13,367.89520562777284
STORE_002,2022-11-14,394.41047838867325
STORE_002,2022-11-15,346.31559900541146
STORE_002,2022-11-16,358.2792843132505
STORE_002,2022-11-17,319.1936365879558
STORE_002,2022-11-18,325.11192799132476
STORE_002,2022-11-19,337.0532304087604
STORE_002,2022-11-20,371.5386903978906
STORE_002,2022-11-21,379.368892948698
STORE_002,2022-11-22,368.84605833107054
STORE_002,2022-11-23,319.96241420231246
STORE_002,2022-11-24,332.48949998219086
STORE_002,2022-11-25,325.87518310066025
STORE_002,2022-11-26,352.4290622443739
STORE_002,2022-11-27,366.07112704791746
STORE_002,2022-11-28,363.5147896292886
STORE_002,2022-11-29,359.4310458367965
STORE_002,2022-11-30,334.9100467700314
STORE_002,2022-12-01,299.9432099740987
STORE_002,2022-12-02,332.0178411561156
STORE_002,2022-12-03,358.0488305861825
STORE_002,2022-12-04,360.92667817885865
STORE_002,2022-12-05,363.34169656411024
STORE_002,2022-12-06,355.8830332642055
STORE_002,2022-12-07,333.90946081472543
STORE_002,2022-12-08,314.35851655122667
STORE_002,2022-12-09,322.7276217796233
STORE_002,2022-12-10,349.70848683027356
STORE_002,2022-12-11,354.22364587874324
STORE_002,2022-12-12,361.5333927184739
STORE_002,2022-12-13,327.81145637435645
STORE_002,2022-12-14,345.89348187107004
STORE_002,2022-12-15,318.67151239635825
STORE_002,2022-12-16,336.99306882919217
STORE_002,2022-12-17,334.3581179871615
STORE_002,2022-12-18,371.8959806965863
STORE_002,2022-12-19,380.1110777982508
STORE_002,2022-12-20,354.69761880621104
STORE_002,2022-12-21,316.9020250267639
STORE_002,2022-12-22,340.39946366130846
STORE_002,2022-12-23,342.17047482558957
STORE_002,2022-12-24,344.3880061549329
STORE_002,2022-12-25,378.68604384296236
STORE_002,2022-12-26,372.67589108730664
STORE_002,2022-12-27,350.45438498661287
STORE_002,2022-12-28,358.4305161465897
STORE_002,2022-12-29,300.5448005295551
STORE_002,2022-12-30,322.9132498454332
STORE_002,2022-12-31,350.9432988212814
STORE_002,2023-01-01,393.33837052391317
STORE_002,2023-01-02,390.21266253315935
STORE_002,2023-01-03,343.292450406839
STORE_002,2023-01-04,337.43059467343244
STORE_002,2023-01-05,321.6221689655348
STORE_002,2023-01-06,324.5594536642309
STORE_002,2023-01-07,358.3293416634773
STORE_002,2023-01-08,357.57446792533057
STORE_002,2023-01-09,375.5101872106252
STORE_002,2023-01-10,370.0654921589424
STORE_002,2023-01-11,346.57872526650885
STORE_002,2023-01-12,324.122699746011
STORE_002,2023-01-13,324.7990267629582
STORE_002,2023-01-14,350.4125565683351
STORE_002,2023-01-15,384.3288560056677
STORE_002,2023-01-16,381.78084704930853
STORE_002,2023-01-17,352.7777161138377
STORE_002,2023-01-18,324.58206551597937
STORE_002,2023-01-19,305.41423648540547
STORE_002,2023-01-20,346.6869224671726
STORE_002,2023-01-21,362.5016133579394
STORE_002,2023-01-22,375.1263354177119
STORE_002,2023-01-23,376.8887472965722
STORE_002,2023-01-24,359.3529460422543
STORE_002,2023-01-25,353.46310129304334
STORE_002,2023-01-26,347.10330711947387
STORE_002,2023-01-27,322.9154570369086
STORE_002,2023-01-28,367.43327705719594
STORE_002,2023-01-29,377.70056447892387
STORE_002,2023-01-30,380.7453294383537
STORE_002,2023-01-31,385.25089701055873
STORE_002,2023-02-01,341.18248683188057
STORE_002,2023-02-02,328.7666977711703
STORE_002,2023-02-03,334.119678797714
STORE_002,2023-02-04,335.2253178881513
STORE_002,2023-02-05,381.7855627579475
STORE_002,2023-02-06,377.50239178273466
STORE_002,2023-02-07,351.1067074135908
STORE_002,2023-02-08,336.0590499941488
STORE_002,2023-02-09,319.8658775432091
STORE_002,2023-02-10,344.45920155107825
STORE_002,2023-02-11,342.92725437357944
STORE_002,2023-02-12,369.80667918350235
STORE_002,2023-02-13,388.0395746813314
STORE_002,2023-02-14,353.2112393178243
STORE_002,2023-02-15,335.316833339483
STORE_002,2023-02-16,307.1570426335919
STORE_002,2023-02-17,344.1009680803166
STORE_002,2023-02-18,353.036591800259
STORE_002,2023-02-19,380.0540537908031
STORE_002,2023-02-20,397.1672588709864
STORE_002,2023-02-21,361.41375744896567
STORE_002,2023-02-22,340.441289813232
STORE_002,2023-02-23,315.4150469446595
STORE_002,2023-02-24,321.31900538704076
STORE_002,2023-02-25,346.56617399620967
STORE_002,2023-02-26,375.2954027195646
STORE_002,2023-02-27,382.51780810215433
STORE_002,2023-02-28,374.50478934233297
STORE_002,2023-03-01,334.45075001924386
STORE_002,2023-03-02,332.8867945260766
STORE_002,2023-03-03,340.80128501600683
STORE_002,2023-03-04,352.9595220090304
STORE_002,2023-03-05,372.50881201928564
STORE_002,2023-03-06,389.1165223747288
STORE_002,2023-03-07,369.56641345416415
STORE_002,2023-03-08,348.7497948257662
STORE_002,2023-03-09,348.84981912892425
STORE_002,2023-03-10,336.7651335775994
STORE_002,2023-03-11,351.8628409463933
STORE_002,2023-03-12,372.4350510237402
STORE_002,2023-03-13,378.8293738938484
STORE_002,2023-03-14,355.40844680369463
STORE_002,2023-03-15,358.2587156533692
STORE_002,2023-03-16,304.1722955402736
STORE_002,2023-03-17,342.758966287836
STORE_002,2023-03-18,350.0770602803895
STORE_002,2023-03-19,377.93708327029407
STORE_002,2023-03-20,379.2401612499125
STORE_002,2023-03-21,391.2722378834695
STORE_002,2023-03-22,348.22179905219014
STORE_002,2023-03-23,341.4164031517948
STORE_002,2023-03-24,353.468250257094
STORE_002,2023-03-25,363.4149123275002
STORE_002,2023-03-26,370.69868007425856
STORE_002,2023-03-27,388.32851942579407
STORE_002,2023-03-28,365.97510528370924
STORE_002,2023-03-29,342.9441813680519
STORE_002,2023-03-30,331.75659481822726
STORE_002,2023-03-31,337.21227972757237
STORE_002,2023-04-01,367.35957605021383
STORE_002,2023-04-02,392.6940363286245
STORE_002,2023-04-03,390.3267097907236
STORE_002,2023-04-04,380.6839279425373
STORE_002,2023-04-05,343.35413253021113
STORE_002,2023-04-06,349.62965771591445
STORE_002,2023-04-07,332.99623145280646
STORE_002,2023-04-08,377.7407234121769
STORE_002,2023-04-09,369.25379918073565
STORE_002,2023-04-10,388.33178429572905
STORE_002,2023-04-11,372.8307823206176
STORE_002,2023-04-12,354.25457180515673
STORE_002,2023-04-13,345.15432092612093
STORE_002,2023-04-14,325.74984395344256
STORE_002,2023-04-15,351.03890857093023
STORE_002,2023-04-16,371.1039269481401
STORE_002,2023-04-17,409.69910122977797
STORE_002,2023-04-18,381.33399919628334
STORE_002,2023-04-19,338.8544352454266
STORE_002,2023-04-20,330.45560027875985
STORE_002,2023-04-21,355.88394261683237
STORE_002,2023-04-22,361.9574937904476
STORE_002,2023-04-23,384.8407855859785
STORE_002,2023-04-24,385.4415498602588
STORE_002,2023-04-25,366.4230515956313
STORE_002,2023-04-26,367.0269949509701
STORE_002,2023-04-27,356.81977730987524
STORE_002,2023-04-28,330.8406925141849
STORE_002,2023-04-29,383.11445198353897
STORE_002,2023-04-30,383.99858972272995
STORE_002,2023-05-01,402.1811057652999
STORE_002,2023-05-02,396.6057444979664
STORE_002,2023-05-03,352.0464095559456
STORE_002,2023-05-04,333.7578746805003
STORE_002,2023-05-05,353.23621639182784
STORE_002,2023-05-06,353.8959294672238
STORE_002,2023-05-07,404.57221873103396
STORE_002,2023-05-08,398.45126200892236
STORE_002,2023-05-09,373.71039222108044
STORE_002,2023-05-10,347.49753694333606
STORE_002,2023-05-11,322.0518470605061
STORE_002,2023-05-12,338.1493983056204
STORE_002,2023-05-13,365.0071298464651
STORE_002,2023-05-14,379.03217929514864
STORE_002,2023-05-15,397.15218906480106
STORE_002,2023-05-16,387.2786228119766
STORE_002,2023-05-17,353.1461020298718
STORE_002,2023-05-18,347.56632659941573
STORE_002,2023-05-19,335.85800398809386
STORE_002,2023-05-20,381.17639563977457
STORE_002,2023-05-21,394.1896976237223
STORE_002,2023-05-22,417.20107429414384
STORE_002,2023-05-23,411.5344450232725
STORE_002,2023-05-24,351.0250640329626
STORE_002,2023-05-25,335.42506963710525
STORE_002,2023-05-26,343.5489977991999
STORE_002,2023-05-27,377.2444489499788
STORE_002,2023-05-28,409.59978027886376
STORE_002,2023-05-29,391.7845059257874
STORE_002,2023-05-30,388.09898795288314
STORE_002,2023-05-31,355.99707914107125
STORE_002,2023-06-01,348.9513648691478
STORE_002,2023-06-02,365.5776150622144
STORE_002,2023-06-03,368.1723025774138
STORE_002,2023-06-04,374.60994811181655
STORE_002,2023-06-05,409.5052473371267
STORE_002,2023-06-06,374.4918136106179
STORE_002,2023-06-07,356.87103725451374
STORE_002,2023-06-08,351.93864515985797
STORE_002,2023-06-09,351.9930804624341
STORE_002,2023-06-10,370.7958205987125
STORE_002,2023-06-11,388.69799904113904
STORE_002,2023-06-12,366.7399213300014
STORE_002,2023-06-13,393.8243455016963
STORE_002,2023-06-14,356.51322518610846
STORE_002,2023-06-15,361.61452993640546
STORE_002,2023-06-16,354.16089805833974
STORE_002,2023-06-17,366.48317591367
STORE_002,2023-06-18,409.371240129889
STORE_002,2023-06-19,416.31241904353743
STORE_002,2023-06-20,383.77633341912923
STORE_002,2023-06-21,374.8326034424335
STORE_002,2023-06-22,337.751017410242
STORE_002,2023-06-23,352.2605544104308
STORE_002,2023-06-24,380.7938005154508
STORE_002,2023-06-25,406.94639755628435
STORE_002,2023-06-26,410.9173478341679
STORE_002,2023-06-27,383.37304850334095
STORE_002,2023-06-28,374.59345622259053
STORE_002,2023-06-29,343.8818056763352
STORE_002,2023-06-30,344.4766723089723
STORE_002,2023-07-01,168.2450637338045
STORE_002,2023-07-02,221.76909872456872
STORE_002,2023-07-03,195.51550399241168
STORE_002,2023-07-04,203.82477686996148
STORE_002,2023-07-05,148.80370366330828
STORE_002,2023-07-06,152.19001837324106
STORE_002,2023-07-07,155.83022155290223
STORE_002,2023-07-08,195.31206137701486
STORE_002,2023-07-09,191.59663476356815
STORE_002,2023-07-10,194.21155399272854
STORE_002,2023-07-11,187.8872490874109
STORE_002,2023-07-12,183.36714544265274
STORE_002,2023-07-13,136.68547075176332
STORE_002,2023-07-14,122.1644400273005
STORE_002,2023-07-15,377.5347723475186
STORE_002,2023-07-16,411.8039519998611
STORE_002,2023-07-17,394.1740728953129
STORE_002,2023-07-18,400.4207791865509
STORE_002,2023-07-19,351.91881115035807
STORE_002,2023-07-20,346.4968895615266
STORE_002,2023-07-21,363.21784687592117
STORE_002,2023-07-22,363.52819295691523
STORE_002,2023-07-23,403.54805644115726
STORE_002,2023-07-24,421.8796457012363
STORE_002,2023-07-25,396.893021775585
STORE_002,2023-07-26,356.6624497581568
STORE_002,2023-07-27,367.44043170116595
STORE_002,2023-07-28,363.046588714296
STORE_002,2023-07-29,356.4126212574222
STORE_002,2023-07-30,412.7010393186138
STORE_002,2023-07-31,401.4036920154599
STORE_002,2023-08-01,394.5247946354954
STORE_002,2023-08-02,378.3662299795007
STORE_002,2023-08-03,343.5807759313246
STORE_002,2023-08-04,336.35898668146194
STORE_002,2023-08-05,397.7647590381246
STORE_002,2023-08-06,417.26533707496617
STORE_002,2023-08-07,408.17333036501
STORE_002,2023-08-08,403.36730896043287
STORE_002,2023-08-09,362.7977606219559
STORE_002,2023-08-10,352.2998925471709
STORE_002,2023-08-11,355.33486221706033
STORE_002,2023-08-12,376.71110718970436
STORE_002,2023-08-13,408.56218586030946
STORE_002,2023-08-14,395.68247611819567
STORE_002,2023-08-15,391.067501052076
STORE_002,2023-08-16,371.9643745552596
STORE_002,2023-08-17,374.15367840031854
STORE_002,2023-08-18,344.01612642368866
STORE_002,2023-08-19,387.8652923855185
STORE_002,2023-08-20,412.7725596951524
STORE_002,2023-08-21,388.6202167124888
STORE_002,2023-08-22,399.97307467291256
STORE_002,2023-08-23,379.71426131200263
STORE_002,2023-08-24,360.1205215361062
STORE_002,2023-08-25,357.97962942770647
STORE_002,2023-08-26,386.57775560973585
STORE_002,2023-08-27,408.20913022374606
STORE_002,2023-08-28,391.82757289963666
STORE_002,2023-08-29,398.32675387579377
STORE_002,2023-08-30,365.7062149711558
STORE_002,2023-08-31,345.55904281027864
STORE_002,2023-09-01,389.766615407956
STORE_002,2023-09-02,398.5704832856387
STORE_002,2023-09-03,393.32914861172264
STORE_002,2023-09-04,417.2209147969472
STORE_002,2023-09-05,414.4634327642506
STORE_002,2023-09-06,353.1168894727624
STORE_002,2023-09-07,355.9009260378784
STORE_002,2023-09-08,362.39606815228774
STORE_002,2023-09-09,369.20539953895656
STORE_002,2023-09-10,412.64603646957966
STORE_002,2023-09-11,427.41645660311275
STORE_002,2023-09-12,416.02392003324405
STORE_002,2023-09-13,369.03912958089865
STORE_002,2023-09-14,385.95708824135204
STORE_002,2023-09-15,337.17181388163027
STORE_002,2023-09-16,389.7341341254557
STORE_002,2023-09-17,392.10412045381224
STORE_002,2023-09-18,416.0639110455962
STORE_002,2023-09-19,392.62468741369554
STORE_002,2023-09-20,379.07424775583524
STORE_002,2023-09-21,355.37499872924246
STORE_002,2023-09-22,352.9158242648129
STORE_002,2023-09-23,377.2962617156518
STORE_002,2023-09-24,433.20138574110274
STORE_002,2023-09-25,421.2642237359198
STORE_002,2023-09-26,379.42224341523075
STORE_002,2023-09-27,380.56139057928834
STORE_002,2023-09-28,355.521666828911
STORE_002,2023-09-29,363.84306692503435
STORE_002,2023-09-30,397.2186304129384
STORE_002,2023-10-01,425.17081733499987
STORE_002,2023-10-02,406.59640561806145
STORE_002,2023-10-03,400.4511075225654
STORE_002,2023-10-04,368.35882520375975
STORE_002,2023-10-05,365.98035242883543
STORE_002,2023-10-06,361.96041943377224
STORE_002,2023-10-07,388.6912098003167
STORE_002,2023-10-08,408.6889895970634
STORE_002,2023-10-09,416.5889436450151
STORE_002,2023-10-10,422.2240389223062
STORE_002,2023-10-11,404.56157069257705
STORE_002,2023-10-12,364.3033308595922
STORE_002,2023-10-13,364.508655479541
STORE_002,2023-10-14,370.15277039195536
STORE_002,2023-10-15,403.76751181018443
STORE_002,2023-10-16,417.3017648811536
STORE_002,2023-10-17,394.1476876822549
STORE_002,2023-10-18,369.5137870396367
STORE_002,2023-10-19,379.6431189020946
STORE_002,2023-10-20,367.0140020809454
STORE_002,2023-10-21,391.6791748981955
STORE_002,2023-10-22,405.7624629626019
STORE_002,2023-10-23,433.9133534865584
STORE_002,2023-10-24,401.13772227277985
STORE_002,2023-10-25,371.54245169102813
STORE_002,2023-10-26,342.7296548844455
STORE_002,2023-10-27,366.8955088298048
STORE_002,2023-10-28,384.59615445878086
STORE_002,2023-10-29,435.027926117601
STORE_002,2023-10-30,442.86982057208496
STORE_002,2023-10-31,389.8255193501859
STORE_002,2023-11-01,365.2871962970049
STORE_002,2023-11-02,359.34304854937955
STORE_002,2023-11-03,358.79649652882534
STORE_002,2023-11-04,394.7900688670876
STORE_002,2023-11-05,411.853706775109
STORE_002,2023-11-06,425.06964383346275
STORE_002,2023-11-07,417.8022270258834
STORE_002,2023-11-08,366.9425965062895
STORE_002,2023-11-09,375.56163831936385
STORE_002,2023-11-10,360.8053417804521
STORE_002,2023-11-11,418.9230836273731
STORE_002,2023-11-12,436.1851197178682
STORE_002,2023-11-13,421.3065111949022
STORE_002,2023-11-14,395.0063229104979
STORE_002,2023-11-15,366.81508235295604
STORE_002,2023-11-16,375.0628651532667
STORE_002,2023-11-17,370.14455703266793
STORE_002,2023-11-18,405.22391154534864
STORE_002,2023-11-19,444.1443752331608
STORE_002,2023-11-20,414.3790994396817
STORE_002,2023-11-21,392.7678847984999
STORE_002,2023-11-22,383.94441640218116
STORE_002,2023-11-23,379.27665794453816
STORE_002,2023-11-24,360.18408623234245
STORE_002,2023-11-25,395.47722526017003
STORE_002,2023-11-26,435.0943710144026
STORE_002,2023-11-27,404.9893801211289
STORE_002,2023-11-28,411.31357873960474
STORE_002,2023-11-29,376.11267594334277
STORE_002,2023-11-30,367.98964117750427
STORE_002,2023-12-01,380.9472406755134
STORE_002,2023-12-02,398.6716499684535
STORE_002,2023-12-03,407.49139773374606
STORE_002,2023-12-04,419.5291800029497
STORE_002,2023-12-05,426.5690984449677
STORE_002,2023-12-06,387.5013272723591
STORE_002,2023-12-07,377.5438110956043
STORE_002,2023-12-08,376.39359238944536
STORE_002,2023-12-09,406.69156017144024
STORE_002,2023-12-10,415.82053295858015
STORE_002,2023-12-11,417.2942133792796
STORE_002,2023-12-12,419.5745747499862
STORE_002,2023-12-13,398.04284014935206
STORE_002,2023-12-14,357.4488253137645
STORE_002,2023-12-15,367.4389304089017
STORE_002,2023-12-16,395.98366969250367
STORE_002,2023-12-17,440.9724007763574
STORE_002,2023-12-18,434.2221980812461
STORE_002,2023-12-19,395.48137968015754
STORE_002,2023-12-20,384.35877800366995
STORE_002,2023-12-21,366.4298754530572
STORE_002,2023-12-22,361.23125295267687
STORE_002,2023-12-23,397.6451033072752
STORE_002,2023-12-24,419.01427572002467
STORE_002,2023-12-25,424.0852018145592
STORE_002,2023-12-26,407.44206470870506
STORE_002,2023-12-27,404.0915135616682
STORE_002,2023-12-28,365.9762026075943
STORE_002,2023-12-29,376.8667597790648
STORE_002,2023-12-30,399.1576492414285
STORE_002,2023-12-31,417.3947422696307
REGION_NORTH,2022-01-01,401.59009464735396
REGION_NORTH,2022-01-02,401.28478780332273
REGION_NORTH,2022-01-03,401.5062406489401
REGION_NORTH,2022-01-04,382.61535960134296
REGION_NORTH,2022-01-05,395.522055650935
REGION_NORTH,2022-01-06,414.65116374718826
REGION_NORTH,2022-01-07,395.60429035912733
REGION_NORTH,2022-01-08,402.1479466206862
REGION_NORTH,2022-01-09,401.92060783436057
REGION_NORTH,2022-01-10,406.551302464233
REGION_NORTH,2022-01-11,408.95603431368534
REGION_NORTH,2022-01-12,393.83582868521574
REGION_NORTH,2022-01-13,378.58430593319537
REGION_NORTH,2022-01-14,371.8853732650816
REGION_NORTH,2022-01-15,416.01873603716973
REGION_NORTH,2022-01-16,410.4321810002129
REGION_NORTH,2022-01-17,407.3336553048728
REGION_NORTH,2022-01-18,409.8468488105093
REGION_NORTH,2022-01-19,389.62551668704185
REGION_NORTH,2022-01-20,379.5506346061003
REGION_NORTH,2022-01-21,371.5894494309663
REGION_NORTH,2022-01-22,368.5181924652622
REGION_NORTH,2022-01-23,413.61438548148277
REGION_NORTH,2022-01-24,378.53303521099014
REGION_NORTH,2022-01-25,408.4768246243108
REGION_NORTH,2022-01-26,382.58492899331236
REGION_NORTH,2022-01-27,371.70042845493407
REGION_NORTH,2022-01-28,362.2004935268857
REGION_NORTH,2022-01-29,371.14750609036565
REGION_NORTH,2022-01-30,410.058788363259
REGION_NORTH,2022-01-31,358.75420680639536
REGION_NORTH,2022-02-01,421.4790888129422
REGION_NORTH,2022-02-02,360.9994796158035
REGION_NORTH,2022-02-03,391.4402300162424
REGION_NORTH,2022-02-04,372.1283398906857
REGION_NORTH,2022-02-05,367.1772592131093
REGION_NORTH,2022-02-06,346.6784984837299
REGION_NORTH,2022-02-07,368.62133461989833
REGION_NORTH,2022-02-08,345.870021415502
REGION_NORTH,2022-02-09,333.8154735562106
REGION_NORTH,2022-02-10,368.2154612392236
REGION_NORTH,2022-02-11,351.457176662401
REGION_NORTH,2022-02-12,396.16093050318483
REGION_NORTH,2022-02-13,380.7493874023224
REGION_NORTH,2022-02-14,392.93977234202015
REGION_NORTH,2022-02-15,343.58334981628616
REGION_NORTH,2022-02-16,358.10187592799923
REGION_NORTH,2022-02-17,301.11258904282477
REGION_NORTH,2022-02-18,346.0061707432688
REGION_NORTH,2022-02-19,351.69827665513657
REGION_NORTH,2022-02-20,350.8658109358423
REGION_NORTH,2022-02-21,344.96504509689555
REGION_NORTH,2022-02-22,345.1434373828202
REGION_NORTH,2022-02-23,287.51810750704044
REGION_NORTH,2022-02-24,344.85157388252696
REGION_NORTH,2022-02-25,347.31352388285603
REGION_NORTH,2022-02-26,362.296851956345
REGION_NORTH,2022-02-27,340.7773766840953
REGION_NORTH,2022-02-28,328.6294317641324
REGION_NORTH,2022-03-01,351.1604947409753
REGION_NORTH,2022-03-02,279.709027327274
REGION_NORTH,2022-03-03,314.32802272353416
REGION_NORTH,2022-03-04,307.05996166300844
REGION_NORTH,2022-03-05,319.41344657707407
REGION_NORTH,2022-03-06,273.83697434526226
REGION_NORTH,2022-03-07,341.89039803828393
REGION_NORTH,2022-03-08,308.1689326257285
REGION_NORTH,2022-03-09,317.18979307717825
REGION_NORTH,2022-03-10,312.906391930816
REGION_NORTH,2022-03-11,331.3077551161094
REGION_NORTH,2022-03-12,266.4157331274879
REGION_NORTH,2022-03-13,303.4820386845746
REGION_NORTH,2022-03-14,321.72487792089413
REGION_NORTH,2022-03-15,294.3928202218283
REGION_NORTH,2022-03-16,274.86466248223616
REGION_NORTH,2022-03-17,279.3367436515046
REGION_NORTH,2022-03-18,281.0679295243418
REGION_NORTH,2022-03-19,272.00645772393057
REGION_NORTH,2022-03-20,280.861130484896
REGION_NORTH,2022-03-21,311.5621449581574
REGION_NORTH,2022-03-22,266.9204419848748
REGION_NORTH,2022-03-23,266.57624407763416
REGION_NORTH,2022-03-24,282.97951944647644
REGION_NORTH,2022-03-25,267.734637003279
REGION_NORTH,2022-03-26,242.08818691612066
REGION_NORTH,2022-03-27,264.88343324404406
REGION_NORTH,2022-03-28,261.5599128567176
REGION_NORTH,2022-03-29,280.4778363934747
REGION_NORTH,2022-03-30,238.9445005510372
REGION_NORTH,2022-03-31,275.45473178893496
REGION_NORTH,2022-04-01,251.27079837343447
REGION_NORTH,2022-04-02,228.48669732613666
REGION_NORTH,2022-04-03,221.8878893472101
REGION_NORTH,2022-04-04,284.1697248311343
REGION_NORTH,2022-04-05,239.70347129492635
REGION_NORTH,2022-04-06,259.0538149172123
REGION_NORTH,2022-04-07,203.58615280827397
REGION_NORTH,2022-04-08,287.9308769493472
REGION_NORTH,2022-04-09,250.47470262801747
REGION_NORTH,2022-04-10,224.93898973676636
REGION_NORTH,2022-04-11,221.36837309119193
REGION_NORTH,2022-04-12,239.634218740742
REGION_NORTH,2022-04-13,235.94388098584895
REGION_NORTH,2022-04-14,223.51700233835348
REGION_NORTH,2022-04-15,217.55909060456477
REGION_NORTH,2022-04-16,226.04763324495673
REGION_NORTH,2022-04-17,177.48741935567352
REGION_NORTH,2022-04-18,202.4023599733887
REGION_NORTH,2022-04-19,174.40884474199254
REGION_NORTH,2022-04-20,216.9688757486999
REGION_NORTH,2022-04-21,188.90502729096772
REGION_NORTH,2022-04-22,168.5481215886884
REGION_NORTH,2022-04-23,181.67715123193636
REGION_NORTH,2022-04-24,198.12874550472534
REGION_NORTH,2022-04-25,188.642049308885
REGION_NORTH,2022-04-26,166.90544667696105
REGION_NORTH,2022-04-27,153.91083679795202
REGION_NORTH,2022-04-28,187.14486505373742
REGION_NORTH,2022-04-29,171.7279111492988
REGION_NORTH,2022-04-30,175.87847488490328
REGION_NORTH,2022-05-01,175.56363544017645
REGION_NORTH,2022-05-02,185.0970137791475
REGION_NORTH,2022-05-03,191.1947718271702
REGION_NORTH,2022-05-04,174.9686121958415
REGION_NORTH,2022-05-05,163.43486526266034
REGION_NORTH,2022-05-06,168.1688270192081
REGION_NORTH,2022-05-07,158.74265201356974
REGION_NORTH,2022-05-08,130.5551904445784
REGION_NORTH,2022-05-09,183.14970669625475
REGION_NORTH,2022-05-10,177.31036680242866
REGION_NORTH,2022-05-11,196.96596938223644
REGION_NORTH,2022-05-12,200.79447445144984
REGION_NORTH,2022-05-13,129.67738037051228
REGION_NORTH,2022-05-14,144.53176388771612
REGION_NORTH,2022-05-15,199.5417983022731
REGION_NORTH,2022-05-16,146.60107444466374
REGION_NORTH,2022-05-17,150.42778421140414
REGION_NORTH,2022-05-18,113.28339922643941
REGION_NORTH,2022-05-19,144.90570019845626
REGION_NORTH,2022-05-20,178.7646967531449
REGION_NORTH,2022-05-21,164.11692522136644
REGION_NORTH,2022-05-22,124.47631045872708
REGION_NORTH,2022-05-23,127.07484977360781
REGION_NORTH,2022-05-24,110.74242210407073
REGION_NORTH,2022-05-25,114.73097882042708
REGION_NORTH,2022-05-26,91.97885549131587
REGION_NORTH,2022-05-27,126.95105735056303
REGION_NORTH,2022-05-28,157.3499805983962
REGION_NORTH,2022-05-29,132.79312540569939
REGION_NORTH,2022-05-30,151.58282401664846
REGION_NORTH,2022-05-31,144.33384958459527
REGION_NORTH,2022-06-01,110.58118882339689
REGION_NORTH,2022-06-02,105.01377861739012
REGION_NORTH,2022-06-03,104.50524332130878
REGION_NORTH,2022-06-04,83.35155728778099
REGION_NORTH,2022-06-05,117.14246819070999
REGION_NORTH,2022-06-06,57.24920303832321
REGION_NORTH,2022-06-07,126.04933170201808
REGION_NORTH,2022-06-08,114.58140501876838
REGION_NORTH,2022-06-09,121.53590187210521
REGION_NORTH,2022-06-10,132.2516090798852
REGION_NORTH,2022-06-11,114.13250979060007
REGION_NORTH,2022-06-12,141.87482599196548
REGION_NORTH,2022-06-13,120.81078989391428
REGION_NORTH,2022-06-14,92.39978664496424
REGION_NORTH,2022-06-15,102.00076592879414
REGION_NORTH,2022-06-16,60.784276016035584
REGION_NORTH,2022-06-17,87.26406483687016
REGION_NORTH,2022-06-18,97.02859802267125
REGION_NORTH,2022-06-19,114.95772160616403
REGION_NORTH,2022-06-20,88.45200551258652
REGION_NORTH,2022-06-21,78.00434566706659
REGION_NORTH,2022-06-22,64.69296787379602
REGION_NORTH,2022-06-23,90.07295969438506
REGION_NORTH,2022-06-24,140.61990545180362
REGION_NORTH,2022-06-25,106.67054271304717
REGION_NORTH,2022-06-26,119.72960118167684
REGION_NORTH,2022-06-27,82.67070948454374
REGION_NORTH,2022-06-28,68.98082930920336
REGION_NORTH,2022-06-29,75.85062054745987
REGION_NORTH,2022-06-30,98.19626055151276
REGION_NORTH,2022-07-01,60.16742585383819
REGION_NORTH,2022-07-02,79.87374780436475
REGION_NORTH,2022-07-03,88.2783424131343
REGION_NORTH,2022-07-04,73.6314966021573
REGION_NORTH,2022-07-05,57.66522238816893
REGION_NORTH,2022-07-06,106.06524379341637
REGION_NORTH,2022-07-07,101.36725340893902
REGION_NORTH,2022-07-08,116.25239149043131
REGION_NORTH,2022-07-09,78.72949794952444
REGION_NORTH,2022-07-10,116.44685687605593
REGION_NORTH,2022-07-11,132.18895329418277
REGION_NORTH,2022-07-12,107.24560471098854
REGION_NORTH,2022-07-13,90.24488004502533
REGION_NORTH,2022-07-14,105.83123893594006
REGION_NORTH,2022-07-15,90.3034782975112
REGION_NORTH,2022-07-16,87.54657826143568
REGION_NORTH,2022-07-17,118.31373393140558
REGION_NORTH,2022-07-18,102.52686725056951
REGION_NORTH,2022-07-19,130.1120096200389
REGION_NORTH,2022-07-20,97.90652698684033
REGION_NORTH,2022-07-21,100.71883196788505
REGION_NORTH,2022-07-22,97.04165377024066
REGION_NORTH,2022-07-23,86.83972246512627
REGION_NORTH,2022-07-24,126.44511599615483
REGION_NORTH,2022-07-25,154.82551671320562
REGION_NORTH,2022-07-26,104.4625597708854
REGION_NORTH,2022-07-27,99.5338674308908
REGION_NORTH,2022-07-28,99.31455184214857
REGION_NORTH,2022-07-29,101.74382641785735
REGION_NORTH,2022-07-30,149.49153725961455
REGION_NORTH,2022-07-31,103.32318586142414
REGION_NORTH,2022-08-01,107.22359844054706
REGION_NORTH,2022-08-02,95.39682680249965
REGION_NORTH,2022-08-03,127.39032609211085
REGION_NORTH,2022-08-04,121.5242703230556
REGION_NORTH,2022-08-05,101.51446870128264
REGION_NORTH,2022-08-06,107.82789497746283
REGION_NORTH,2022-08-07,157.80643441049915
REGION_NORTH,2022-08-08,129.30160596913325
REGION_NORTH,2022-08-09,132.21680197599122
REGION_NORTH,2022-08-10,133.8673181259424
REGION_NORTH,2022-08-11,161.25293571817946
REGION_NORTH,2022-08-12,114.09688985856192
REGION_NORTH,2022-08-13,128.74809248556886
REGION_NORTH,2022-08-14,135.00510488604567
REGION_NORTH,2022-08-15,105.70237275216869
REGION_NORTH,2022-08-16,123.57709723529399
REGION_NORTH,2022-08-17,164.6394948059498
REGION_NORTH,2022-08-18,160.7478360870715
REGION_NORTH,2022-08-19,166.15342425834905
REGION_NORTH,2022-08-20,137.5292019142423
REGION_NORTH,2022-08-21,141.92585749291595
REGION_NORTH,2022-08-22,117.43647311480683
REGION_NORTH,2022-08-23,173.82317916822387
REGION_NORTH,2022-08-24,179.13233488594642
REGION_NORTH,2022-08-25,180.92000888338484
REGION_NORTH,2022-08-26,193.39260834000808
REGION_NORTH,2022-08-27,171.84842938703903
REGION_NORTH,2022-08-28,196.66502808969605
REGION_NORTH,2022-08-29,163.6640640741346
REGION_NORTH,2022-08-30,134.50390895774223
REGION_NORTH,2022-08-31,189.25292172147505
REGION_NORTH,2022-09-01,138.17805927159804
REGION_NORTH,2022-09-02,179.8997410255084
REGION_NORTH,2022-09-03,197.8638152324276
REGION_NORTH,2022-09-04,187.52526500288835
REGION_NORTH,2022-09-05,228.9081346959535
REGION_NORTH,2022-09-06,146.3476294301879
REGION_NORTH,2022-09-07,186.35099538184608
REGION_NORTH,2022-09-08,190.7176871626697
REGION_NORTH,2022-09-09,165.8645606363529
REGION_NORTH,2022-09-10,172.06696566092396
REGION_NORTH,2022-09-11,180.65030949578374
REGION_NORTH,2022-09-12,177.98673728128674
REGION_NORTH,2022-09-13,200.26141370835674
REGION_NORTH,2022-09-14,192.8177308516067
REGION_NORTH,2022-09-15,213.704289589763
REGION_NORTH,2022-09-16,222.81646354973515
REGION_NORTH,2022-09-17,223.95706961165487
REGION_NORTH,2022-09-18,206.6237666607434
REGION_NORTH,2022-09-19,223.03102802980968
REGION_NORTH,2022-09-20,240.5689950539394
REGION_NORTH,2022-09-21,231.3115388768978
REGION_NORTH,2022-09-22,262.1218100635505
REGION_NORTH,2022-09-23,247.13526998363588
REGION_NORTH,2022-09-24,264.41593547283986
REGION_NORTH,2022-09-25,182.76294750207364
REGION_NORTH,2022-09-26,237.11050161287395
REGION_NORTH,2022-09-27,231.2698906813923
REGION_NORTH,2022-09-28,237.82413797631827
REGION_NORTH,2022-09-29,226.80260334955244
REGION_NORTH,2022-09-30,253.40594228064737
REGION_NORTH,2022-10-01,211.8963269404004
REGION_NORTH,2022-10-02,258.7142680018625
REGION_NORTH,2022-10-03,237.79319021182252
REGION_NORTH,2022-10-04,245.80062033141746
REGION_NORTH,2022-10-05,267.1575839064053
REGION_NORTH,2022-10-06,262.53982404203833
REGION_NORTH,2022-10-07,284.61615973278526
REGION_NORTH,2022-10-08,246.71713188270468
REGION_NORTH,2022-10-09,267.0577765386758
REGION_NORTH,2022-10-10,289.0065066227795
REGION_NORTH,2022-10-11,281.0079026404982
REGION_NORTH,2022-10-12,284.8416086324701
REGION_NORTH,2022-10-13,301.0285944632892
REGION_NORTH,2022-10-14,273.2723479170667
REGION_NORTH,2022-10-15,271.5807352837978
REGION_NORTH,2022-10-16,297.94554705303705
REGION_NORTH,2022-10-17,285.9381398402482
REGION_NORTH,2022-10-18,313.85861731857466
REGION_NORTH,2022-10-19,301.2855190873034
REGION_NORTH,2022-10-20,283.8855355504369
REGION_NORTH,2022-10-21,305.56899324301986
REGION_NORTH,2022-10-22,283.18162209072767
REGION_NORTH,2022-10-23,322.59330519210994
REGION_NORTH,2022-10-24,278.11491108760737
REGION_NORTH,2022-10-25,332.8858729135419
REGION_NORTH,2022-10-26,317.23138947769115
REGION_NORTH,2022-10-27,309.87391122696
REGION_NORTH,2022-10-28,330.76436781208713
REGION_NORTH,2022-10-29,328.03736347309274
REGION_NORTH,2022-10-30,346.7115162868615
REGION_NORTH,2022-10-31,348.7973960312521
REGION_NORTH,2022-11-01,331.67280221940285
REGION_NORTH,2022-11-02,309.420298058432
REGION_NORTH,2022-11-03,318.23147628743106
REGION_NORTH,2022-11-04,329.8112353821642
REGION_NORTH,2022-11-05,355.0370493864586
REGION_NORTH,2022-11-06,326.40861467701853
REGION_NORTH,2022-11-07,330.1859156356525
REGION_NORTH,2022-11-08,376.69414974623595
REGION_NORTH,2022-11-09,339.6969899627541
REGION_NORTH,2022-11-10,331.1169481424549
REGION_NORTH,2022-11-11,361.345333875612
REGION_NORTH,2022-11-12,346.6621637226152
REGION_NORTH,2022-11-13,321.9363264259717
REGION_NORTH,2022-11-14,372.4605000131508
REGION_NORTH,2022-11-15,338.5852218224603
REGION_NORTH,2022-11-16,356.25083309316506
REGION_NORTH,2022-11-17,355.838225630697
REGION_NORTH,2022-11-18,363.5931521846821
REGION_NORTH,2022-11-19,316.92747164917273
REGION_NORTH,2022-11-20,355.7719706047006
REGION_NORTH,2022-11-21,386.6623800014302
REGION_NORTH,2022-11-22,391.1323980727077
REGION_NORTH,2022-11-23,347.62120791875304
REGION_NORTH,2022-11-24,387.44770619705844
REGION_NORTH,2022-11-25,355.36059918641155
REGION_NORTH,2022-11-26,364.61626883848703
REGION_NORTH,2022-11-27,367.1487635344481
REGION_NORTH,2022-11-28,377.2094399698936
REGION_NORTH,2022-11-29,396.46855972903467
REGION_NORTH,2022-11-30,383.1033188857786
REGION_NORTH,2022-12-01,376.62151717687226
REGION_NORTH,2022-12-02,399.784633062756
REGION_NORTH,2022-12-03,365.6407849004589
REGION_NORTH,2022-12-04,381.3662443607617
REGION_NORTH,2022-12-05,404.0034140454392
REGION_NORTH,2022-12-06,395.81137685559406
REGION_NORTH,2022-12-07,376.9965660520272
REGION_NORTH,2022-12-08,357.1205079080877
REGION_NORTH,2022-12-09,394.6130961419694
REGION_NORTH,2022-12-10,357.7977076724163
REGION_NORTH,2022-12-11,386.05516510314897
REGION_NORTH,2022-12-12,414.77656561166043
REGION_NORTH,2022-12-13,403.98333588744833
REGION_NORTH,2022-12-14,352.3835567993163
REGION_NORTH,2022-12-15,397.6318083400622
REGION_NORTH,2022-12-16,387.9629633260704
REGION_NORTH,2022-12-17,369.55282402628256
REGION_NORTH,2022-12-18,402.3654336984846
REGION_NORTH,2022-12-19,386.4249228627647
REGION_NORTH,2022-12-20,387.10033122224735
REGION_NORTH,2022-12-21,399.79974324873456
REGION_NORTH,2022-12-22,385.2653253953794
REGION_NORTH,2022-12-23,400.11811652688596
REGION_NORTH,2022-12-24,386.71337002723476
REGION_NORTH,2022-12-25,388.14307915621015
REGION_NORTH,2022-12-26,419.0592183726387
REGION_NORTH,2022-12-27,421.3381589677967
REGION_NORTH,2022-12-28,365.47146085313534
REGION_NORTH,2022-12-29,414.7414793202024
REGION_NORTH,2022-12-30,427.8829302034779
REGION_NORTH,2022-12-31,431.125312229439
REGION_NORTH,2023-01-01,410.40759451770236
REGION_NORTH,2023-01-02,378.8298187264895
REGION_NORTH,2023-01-03,412.5107269179064
REGION_NORTH,2023-01-04,382.414975338953
REGION_NORTH,2023-01-05,392.78524247285475
REGION_NORTH,2023-01-06,407.1063693810875
REGION_NORTH,2023-01-07,383.1054360543534
REGION_NORTH,2023-01-08,375.9843022343053
REGION_NORTH,2023-01-09,407.89533418964993
REGION_NORTH,2023-01-10,435.547883935801
REGION_NORTH,2023-01-11,422.6477026229984
REGION_NORTH,2023-01-12,411.462564581202
REGION_NORTH,2023-01-13,416.39472070683195
REGION_NORTH,2023-01-14,409.0140697822176
REGION_NORTH,2023-01-15,404.66301237063044
REGION_NORTH,2023-01-16,412.9995288327645
REGION_NORTH,2023-01-17,366.9790997770418
REGION_NORTH,2023-01-18,397.61248424211414
REGION_NORTH,2023-01-19,391.23767223468275
REGION_NORTH,2023-01-20,393.6262195843026
REGION_NORTH,2023-01-21,381.9701533319913
REGION_NORTH,2023-01-22,400.7149492924569
REGION_NORTH,2023-01-23,373.01265151672396
REGION_NORTH,2023-01-24,377.71883373823243
REGION_NORTH,2023-01-25,374.3020449670511
REGION_NORTH,2023-01-26,403.6015783463228
REGION_NORTH,2023-01-27,384.99078255559874
REGION_NORTH,2023-01-28,374.8711426819533
REGION_NORTH,2023-01-29,375.44199932979706
REGION_NORTH,2023-01-30,381.7716250387414
REGION_NORTH,2023-01-31,412.8819067793887
REGION_NORTH,2023-02-01,354.4137456564157
REGION_NORTH,2023-02-02,391.3218281187921
REGION_NORTH,2023-02-03,385.8784773638376
REGION_NORTH,2023-02-04,357.3740578068499
REGION_NORTH,2023-02-05,402.92591666672683
REGION_NORTH,2023-02-06,382.8925230438462
REGION_NORTH,2023-02-07,360.4345282103281
REGION_NORTH,2023-02-08,331.8474748238969
REGION_NORTH,2023-02-09,372.0299522415417
REGION_NORTH,2023-02-10,364.92857597975495
REGION_NORTH,2023-02-11,343.5513801737938
REGION_NORTH,2023-02-12,341.6016719779725
REGION_NORTH,2023-02-13,378.1191504428561
REGION_NORTH,2023-02-14,319.87723056886495
REGION_NORTH,2023-02-15,363.4866630079049
REGION_NORTH,2023-02-16,351.6303816191563
REGION_NORTH,2023-02-17,363.4691048035146
REGION_NORTH,2023-02-18,345.7561181597993
REGION_NORTH,2023-02-19,355.5938089998493
REGION_NORTH,2023-02-20,332.92935249123275
REGION_NORTH,2023-02-21,344.8283149842617
REGION_NORTH,2023-02-22,353.5932635108018
REGION_NORTH,2023-02-23,344.80039761581804
REGION_NORTH,2023-02-24,347.3332740089183
REGION_NORTH,2023-02-25,319.08630005522235
REGION_NORTH,2023-02-26,323.722852666071
REGION_NORTH,2023-02-27,321.9358187142378
REGION_NORTH,2023-02-28,325.71437798666216
REGION_NORTH,2023-03-01,356.2333136887124
REGION_NORTH,2023-03-02,319.7721367085495
REGION_NORTH,2023-03-03,301.7558041407671
REGION_NORTH,2023-03-04,333.2090750211946
REGION_NORTH,2023-03-05,347.03675120238995
REGION_NORTH,2023-03-06,292.58659355279946
REGION_NORTH,2023-03-07,354.9538998877714
REGION_NORTH,2023-03-08,321.4686626658749
REGION_NORTH,2023-03-09,331.49167503536745
REGION_NORTH,2023-03-10,337.78600013048447
REGION_NORTH,2023-03-11,325.51031007272525
REGION_NORTH,2023-03-12,301.4440238848152
REGION_NORTH,2023-03-13,325.58957825900666
REGION_NORTH,2023-03-14,303.8933081042154
REGION_NORTH,2023-03-15,318.1622436543949
REGION_NORTH,2023-03-16,317.8875600206159
REGION_NORTH,2023-03-17,269.59661416516497
REGION_NORTH,2023-03-18,304.8127922000101
REGION_NORTH,2023-03-19,282.7896199441229
REGION_NORTH,2023-03-20,286.68116556192354
REGION_NORTH,2023-03-21,283.93905187131327
REGION_NORTH,2023-03-22,280.6071416471317
REGION_NORTH,2023-03-23,306.800229807795
REGION_NORTH,2023-03-24,246.45495522758893
REGION_NORTH,2023-03-25,236.78417714516075
REGION_NORTH,2023-03-26,230.0060881497069
REGION_NORTH,2023-03-27,287.49008727834274
REGION_NORTH,2023-03-28,248.068991667303
REGION_NORTH,2023-03-29,263.6079988750094
REGION_NORTH,2023-03-30,256.09320603259897
REGION_NORTH,2023-03-31,238.08083932102656
REGION_NORTH,2023-04-01,270.25695936654733
REGION_NORTH,2023-04-02,248.09627138008898
REGION_NORTH,2023-04-03,243.30875404798098
REGION_NORTH,2023-04-04,250.1393804277688
REGION_NORTH,2023-04-05,257.3172334483996
REGION_NORTH,2023-04-06,221.1442077119136
REGION_NORTH,2023-04-07,255.20690764710238
REGION_NORTH,2023-04-08,264.1740495855363
REGION_NORTH,2023-04-09,204.0873626854514
REGION_NORTH,2023-04-10,235.61377360242724
REGION_NORTH,2023-04-11,221.39324600115557
REGION_NORTH,2023-04-12,238.92686778908492
REGION_NORTH,2023-04-13,198.06706300081098
REGION_NORTH,2023-04-14,252.44518124327627
REGION_NORTH,2023-04-15,185.18361931193886
REGION_NORTH,2023-04-16,209.94067276890783
REGION_NORTH,2023-04-17,221.0074119371843
REGION_NORTH,2023-04-18,196.1011172869774
REGION_NORTH,2023-04-19,190.47809093870873
REGION_NORTH,2023-04-20,209.32174158726036
REGION_NORTH,2023-04-21,203.97650511145568
REGION_NORTH,2023-04-22,200.09844655057498
REGION_NORTH,2023-04-23,214.72665194162826
REGION_NORTH,2023-04-24,187.25216760684924
REGION_NORTH,2023-04-25,199.13846995590126
REGION_NORTH,2023-04-26,180.2365216921003
REGION_NORTH,2023-04-27,171.02161911597622
REGION_NORTH,2023-04-28,179.9710367433271
REGION_NORTH,2023-04-29,173.36796954043535
REGION_NORTH,2023-04-30,172.0640130589288
REGION_NORTH,2023-05-01,202.06388754598575
REGION_NORTH,2023-05-02,171.41363095493003
REGION_NORTH,2023-05-03,160.99770834617465
REGION_NORTH,2023-05-04,172.6000036576325
REGION_NORTH,2023-05-05,171.92867504042135
REGION_NORTH,2023-05-06,143.93593166541072
REGION_NORTH,2023-05-07,159.55926592028533
REGION_NORTH,2023-05-08,156.632571035269
REGION_NORTH,2023-05-09,157.86789779629382
REGION_NORTH,2023-05-10,173.7521570134324
REGION_NORTH,2023-05-11,159.93272693388215
REGION_NORTH,2023-05-12,179.74323526960427
REGION_NORTH,2023-05-13,152.96457589779118
REGION_NORTH,2023-05-14,186.76150790289395
REGION_NORTH,2023-05-15,140.09550609023725
REGION_NORTH,2023-05-16,132.02083913300592
REGION_NORTH,2023-05-17,156.48961965600864
REGION_NORTH,2023-05-18,170.9876370096314
REGION_NORTH,2023-05-19,114.32386147521635
REGION_NORTH,2023-05-20,136.18607629367688
REGION_NORTH,2023-05-21,126.16877011757849
REGION_NORTH,2023-05-22,139.53302314893955
REGION_NORTH,2023-05-23,135.20153557496423
REGION_NORTH,2023-05-24,160.26805290651035
REGION_NORTH,2023-05-25,129.5861457679255
REGION_NORTH,2023-05-26,157.67877604644985
REGION_NORTH,2023-05-27,122.34544412338418
REGION_NORTH,2023-05-28,145.6774045018923
REGION_NORTH,2023-05-29,130.2577474865588
REGION_NORTH,2023-05-30,158.85575219100275
REGION_NORTH,2023-05-31,93.32856430978677
REGION_NORTH,2023-06-01,98.24019625965295
REGION_NORTH,2023-06-02,156.83635753868683
REGION_NORTH,2023-06-03,104.26363258861079
REGION_NORTH,2023-06-04,104.29672909510472
REGION_NORTH,2023-06-05,98.98139182480142
REGION_NORTH,2023-06-06,138.3074101005394
REGION_NORTH,2023-06-07,89.1518692517879
REGION_NORTH,2023-06-08,113.59279454994413
REGION_NORTH,2023-06-09,106.7946681065977
REGION_NORTH,2023-06-10,131.84159509101121
REGION_NORTH,2023-06-11,98.8829647771901
REGION_NORTH,2023-06-12,117.54884282113585
REGION_NORTH,2023-06-13,84.94755020732471
REGION_NORTH,2023-06-14,153.0211443548293
REGION_NORTH,2023-06-15,101.96314027863757
REGION_NORTH,2023-06-16,106.18536624874567
REGION_NORTH,2023-06-17,138.40296082332432
REGION_NORTH,2023-06-18,92.91507065523487
REGION_NORTH,2023-06-19,137.37989627378303
REGION_NORTH,2023-06-20,95.22980260066353
REGION_NORTH,2023-06-21,116.36358962218037
REGION_NORTH,2023-06-22,90.98997313077257
REGION_NORTH,2023-06-23,74.88058116335677
REGION_NORTH,2023-06-24,109.89475641525736
REGION_NORTH,2023-06-25,114.04647003477716
REGION_NORTH,2023-06-26,74.62029808804851
REGION_NORTH,2023-06-27,94.5306277596545
REGION_NORTH,2023-06-28,124.46500374198587
REGION_NORTH,2023-06-29,112.27454884515342
REGION_NORTH,2023-06-30,92.2345826989845
REGION_NORTH,2023-07-01,88.0994886907342
REGION_NORTH,2023-07-02,138.9704426352557
REGION_NORTH,2023-07-03,71.06691473650301
REGION_NORTH,2023-07-04,98.86603123525127
REGION_NORTH,2023-07-05,70.84494526078663
REGION_NORTH,2023-07-06,126.56846272610684
REGION_NORTH,2023-07-07,100.30735226708099
REGION_NORTH,2023-07-08,104.23527583321743
REGION_NORTH,2023-07-09,156.31585912712546
REGION_NORTH,2023-07-10,89.37894850037864
REGION_NORTH,2023-07-11,136.5743876856157
REGION_NORTH,2023-07-12,94.18667177808766
REGION_NORTH,2023-07-13,97.77335678226056
REGION_NORTH,2023-07-14,155.69313107816717
REGION_NORTH,2023-07-15,100.23741853818927
REGION_NORTH,2023-07-16,76.54482132910576
REGION_NORTH,2023-07-17,110.2869019038653
REGION_NORTH,2023-07-18,101.8531371429734
REGION_NORTH,2023-07-19,113.35201338571552
REGION_NORTH,2023-07-20,104.08303090515632
REGION_NORTH,2023-07-21,151.85321590538052
REGION_NORTH,2023-07-22,119.50659045158879
REGION_NORTH,2023-07-23,87.74409868435401
REGION_NORTH,2023-07-24,112.6475540643001
REGION_NORTH,2023-07-25,95.11868693758174
REGION_NORTH,2023-07-26,107.15282769214934
REGION_NORTH,2023-07-27,94.93497209305443
REGION_NORTH,2023-07-28,156.36339198041082
REGION_NORTH,2023-07-29,101.51079866630052
REGION_NORTH,2023-07-30,130.24715057468123
REGION_NORTH,2023-07-31,111.22320781908941
REGION_NORTH,2023-08-01,95.76067100688209
REGION_NORTH,2023-08-02,124.15689790350922
REGION_NORTH,2023-08-03,129.53118735656358
REGION_NORTH,2023-08-04,134.04139222116558
REGION_NORTH,2023-08-05,71.81366112651497
REGION_NORTH,2023-08-06,100.98757265044259
REGION_NORTH,2023-08-07,146.29886138022567
REGION_NORTH,2023-08-08,110.17531159158206
REGION_NORTH,2023-08-09,134.2419750732475
REGION_NORTH,2023-08-10,106.5937477208455
REGION_NORTH,2023-08-11,147.9924499971248
REGION_NORTH,2023-08-12,153.62656902488763
REGION_NORTH,2023-08-13,151.31420101254528
REGION_NORTH,2023-08-14,159.03554526636782
REGION_NORTH,2023-08-15,171.4038921559538
REGION_NORTH,2023-08-16,118.41844493474129
REGION_NORTH,2023-08-17,127.93255963730375
REGION_NORTH,2023-08-18,163.494437566545
REGION_NORTH,2023-08-19,170.01648219305807
REGION_NORTH,2023-08-20,135.82414729343174
REGION_NORTH,2023-08-21,136.362040988781
REGION_NORTH,2023-08-22,140.15351321695738
REGION_NORTH,2023-08-23,123.08258904101876
REGION_NORTH,2023-08-24,131.771065867143
REGION_NORTH,2023-08-25,134.29573665206954
REGION_NORTH,2023-08-26,155.4288137943506
REGION_NORTH,2023-08-27,168.8229878339199
REGION_NORTH,2023-08-28,174.19684799160962
REGION_NORTH,2023-08-29,157.5023111917784
REGION_NORTH,2023-08-30,160.16437393223563
REGION_NORTH,2023-08-31,174.51165807969787
REGION_NORTH,2023-09-01,144.33555064878342
REGION_NORTH,2023-09-02,195.68451067730288
REGION_NORTH,2023-09-03,204.46504477022788
REGION_NORTH,2023-09-04,168.5284763284235
REGION_NORTH,2023-09-05,175.37455009733242
REGION_NORTH,2023-09-06,210.53245381003077
REGION_NORTH,2023-09-07,185.54717701276633
REGION_NORTH,2023-09-08,202.1334867766491
REGION_NORTH,2023-09-09,190.90050908398572
REGION_NORTH,2023-09-10,226.26776924501513
REGION_NORTH,2023-09-11,207.35447427734567
REGION_NORTH,2023-09-12,210.9327986006558
REGION_NORTH,2023-09-13,213.74743748630584
REGION_NORTH,2023-09-14,193.77475412809557
REGION_NORTH,2023-09-15,198.08133916939877
REGION_NORTH,2023-09-16,225.21276701687327
REGION_NORTH,2023-09-17,214.8497470059494
REGION_NORTH,2023-09-18,191.27407140820296
REGION_NORTH,2023-09-19,254.80360393301578
REGION_NORTH,2023-09-20,239.4278540763467
REGION_NORTH,2023-09-21,223.1527737282484
REGION_NORTH,2023-09-22,219.47223653868278
REGION_NORTH,2023-09-23,231.46520739890377
REGION_NORTH,2023-09-24,240.39819600301908
REGION_NORTH,2023-09-25,191.94979534727395
REGION_NORTH,2023-09-26,277.42397337978423
REGION_NORTH,2023-09-27,221.95085451709818
REGION_NORTH,2023-09-28,240.2856199228274
REGION_NORTH,2023-09-29,243.59912940721807
REGION_NORTH,2023-09-30,285.41895864674075
REGION_NORTH,2023-10-01,246.30097876861478
REGION_NORTH,2023-10-02,282.41567663150914
REGION_NORTH,2023-10-03,261.3619640046556
REGION_NORTH,2023-10-04,236.57064488970713
REGION_NORTH,2023-10-05,261.0816978771465
REGION_NORTH,2023-10-06,258.59409505041344
REGION_NORTH,2023-10-07,241.8563318065715
REGION_NORTH,2023-10-08,273.2616573890693
REGION_NORTH,2023-10-09,269.1139445800154
REGION_NORTH,2023-10-10,282.3594783917273
REGION_NORTH,2023-10-11,277.65096335743647
REGION_NORTH,2023-10-12,263.30766562293275
REGION_NORTH,2023-10-13,294.23441714143075
REGION_NORTH,2023-10-14,268.9092312893858
REGION_NORTH,2023-10-15,221.92394237057778
REGION_NORTH,2023-10-16,289.0005172734747
REGION_NORTH,2023-10-17,277.8452950157901
REGION_NORTH,2023-10-18,299.05715605255307
REGION_NORTH,2023-10-19,333.8674850637965
REGION_NORTH,2023-10-20,336.90734301920327
REGION_NORTH,2023-10-21,295.4988542623601
REGION_NORTH,2023-10-22,284.7053119502573
REGION_NORTH,2023-10-23,315.34840146332726
REGION_NORTH,2023-10-24,298.6534453812433
REGION_NORTH,2023-10-25,316.28009787655697
REGION_NORTH,2023-10-26,297.59664400946247
REGION_NORTH,2023-10-27,318.17897893986844
REGION_NORTH,2023-10-28,299.25820174754006
REGION_NORTH,2023-10-29,341.4958989104749
REGION_NORTH,2023-10-30,308.304328758648
REGION_NORTH,2023-10-31,335.59821197888203
REGION_NORTH,2023-11-01,299.33164767236667
REGION_NORTH,2023-11-02,342.47918895147734
REGION_NORTH,2023-11-03,309.73397491099183
REGION_NORTH,2023-11-04,336.46770923788733
REGION_NORTH,2023-11-05,353.8666349655164
REGION_NORTH,2023-11-06,331.5366859326324
REGION_NORTH,2023-11-07,317.0613878293366
REGION_NORTH,2023-11-08,349.6633873036059
REGION_NORTH,2023-11-09,324.9633322105777
REGION_NORTH,2023-11-10,335.7266739638423
REGION_NORTH,2023-11-11,351.12166649764356
REGION_NORTH,2023-11-12,374.99837010396095
REGION_NORTH,2023-11-13,350.25937677063234
REGION_NORTH,2023-11-14,352.0993685539058
REGION_NORTH,2023-11-15,368.27626610890286
REGION_NORTH,2023-11-16,356.3865590588334
REGION_NORTH,2023-11-17,369.9116119031021
REGION_NORTH,2023-11-18,380.5617996365437
REGION_NORTH,2023-11-19,354.194210095106
REGION_NORTH,2023-11-20,296.9737475024161
REGION_NORTH,2023-11-21,347.8070969274068
REGION_NORTH,2023-11-22,389.9971278915807
REGION_NORTH,2023-11-23,366.7717199236063
REGION_NORTH,2023-11-24,362.2531359242641
REGION_NORTH,2023-11-25,393.92489413898727
REGION_NORTH,2023-11-26,370.0804157016347
REGION_NORTH,2023-11-27,331.7377867486499
REGION_NORTH,2023-11-28,344.9273245556186
REGION_NORTH,2023-11-29,384.8141910195556
REGION_NORTH,2023-11-30,376.47380933330186
REGION_NORTH,2023-12-01,408.2372819599336
REGION_NORTH,2023-12-02,365.7730347259081
REGION_NORTH,2023-12-03,375.50399746505735
REGION_NORTH,2023-12-04,365.22053176892024
REGION_NORTH,2023-12-05,373.6759059242795
REGION_NORTH,2023-12-06,347.3871745947101
REGION_NORTH,2023-12-07,378.60895231991475
REGION_NORTH,2023-12-08,386.342265964695
REGION_NORTH,2023-12-09,385.66931547675944
REGION_NORTH,2023-12-10,432.3622769851323
REGION_NORTH,2023-12-11,426.9748839405118
REGION_NORTH,2023-12-12,376.17960820770537
REGION_NORTH,2023-12-13,351.16942906835936
REGION_NORTH,2023-12-14,390.8726293009285
REGION_NORTH,2023-12-15,401.15298101666826
REGION_NORTH,2023-12-16,377.13668015046557
REGION_NORTH,2023-12-17,378.80765936227715
REGION_NORTH,2023-12-18,427.3161071686932
REGION_NORTH,2023-12-19,391.10864841567303
REGION_NORTH,2023-12-20,410.0560157089521
REGION_NORTH,2023-12-21,378.71272692311123
REGION_NORTH,2023-12-22,396.64420683891325
REGION_NORTH,2023-12-23,391.4766327768644
REGION_NORTH,2023-12-24,385.0724030437677
REGION_NORTH,2023-12-25,422.0183165990949
REGION_NORTH,2023-12-26,371.42308279406785
REGION_NORTH,2023-12-27,405.44586275041695
REGION_NORTH,2023-12-28,392.54211268617786
REGION_NORTH,2023-12-29,408.09651208398884
REGION_NORTH,2023-12-30,393.0795774665886
REGION_NORTH,2023-12-31,417.32163711974624
